PRAGMA foreign_keys=OFF;
BEGIN TRANSACTION;
CREATE TABLE [Category](
[ID] int UNIQUE
,[Name] varchar
, Primary Key(ID)   
);
INSERT INTO "Category" VALUES(1,'Elementary');
INSERT INTO "Category" VALUES(2,'Pre-Intermediate');
INSERT INTO "Category" VALUES(3,'Intermediate');
INSERT INTO "Category" VALUES(4,'Upper Intermediate');
INSERT INTO "Category" VALUES(5,'Custom');
CREATE TABLE "Verbs"(
[FirstForm] varchar(100)
,[FirstFormSound] binary
,[SecondForm] varchar(100)
,[SecondFormSound] binary
,[ThirdForm] varchar(100)
,[Translate] varchar(100)
,[ThirdFormSound] binary
,[Example1] text
,[ExampleSound1] binary
,[Example2] text
,[ExampleSound2] binary
,[Example3] text
,[ExampleSound3] binary
,[ID] int UNIQUE
,[VerbImage] image
, Primary Key(ID)   
);
INSERT INTO "Verbs" VALUES('abide',NULL,'abode; abided',NULL,'abode; abided','пребывать; держаться',NULL,'<html>I <span style="color:red;">cannot abide</span> her constant unpunctuality.</html>',NULL,'<html>The employees <span style="color:red;">abode</span> by the rules of the company.</html>',NULL,'<html>Bill <span style="color:red;">has abode</span> by his promises.</html>',NULL,1,NULL);
INSERT INTO "Verbs" VALUES('arise',NULL,'arose',NULL,'arisen','подняться; возникнуть',NULL,'<html>Problems always <span style="color:red;">arise</span> during such protests for human rights.</html>',NULL,'<html>Disputes <span style="color:red;">arose</span> over who would be the first to speak.</html>',NULL,'<html>Many questions <span style="color:red;">have arisen</span> recently over the origin of life.</html>',NULL,2,NULL);
INSERT INTO "Verbs" VALUES('awake',NULL,'awoke',NULL,'awaked; awoken','будить; проснуться',NULL,'<html>Mary <span style="color:red;">will awake</span> in an hour because she has to go to work.</html>',NULL,'<html>I <span style="color:red;">awoke</span> in the middle of the night when I heard that noise.</html>',NULL,'<html>The patient <span style="color:red;">has awoken</span> from a two-week coma.</html>',NULL,3,NULL);
INSERT INTO "Verbs" VALUES('backbite',NULL,'backbit',NULL,'backbitten','клеветать',NULL,'<html>Do not spy on one another, nor <span style="color:red;">backbite</span> one another.</html>',NULL,'<html>The man who <span style="color:red;">backbit</span> an absent friend yesterday - this man is black at heart: mark and avoid him.</html>',NULL,'<html>If what you say about him is not true, you <span style="color:red;">have backbitten</span> him.</html>',NULL,4,NULL);
INSERT INTO "Verbs" VALUES('backslide',NULL,'backslid',NULL,'backslid','отпадать',NULL,'<html>Treasure that. Take care of that gift,...You don''t want to waste it. You <span style="color:red;">don''t want to backslide</span>.</html>',NULL,'<html>We didn''t expect but Mr. Roberts <span style="color:red;">backslid</span> on this.</html>',NULL,'<html>If they <span style="color:red;">hadn''t backslid</span>, they wouldn''t have chased off fans with the same old product.</html>',NULL,5,NULL);
INSERT INTO "Verbs" VALUES('be',NULL,'was; were',NULL,'been','быть; нести; родить',NULL,'<html>I <span style="color:red;">will be</span> right here waiting for you.</html>',NULL,'<html>She <span style="color:red;">was</span> about to speak.</html>',NULL,'<html>I <span style="color:red;">have never been</span> to the Caucasus.</html>',NULL,6,NULL);
INSERT INTO "Verbs" VALUES('bear',NULL,'bore',NULL,'born; borne','родить',NULL,'<html>I <span style="color:red;">cannot bear</span> her bad manners anymore.</html>',NULL,'<html>The child <span style="color:red;">bore</span> the pain without complaint while the doctor cured the injuries on his arm.</html>',NULL,'<html>The actor <span style="color:red;">was born</span> in a small village in Argentina.</html>',NULL,7,NULL);
INSERT INTO "Verbs" VALUES('beat',NULL,'beat',NULL,'beaten','бить',NULL,'<html>My neighbor <span style="color:red;">beats</span> his wife every night. He should be arrested.</html>',NULL,'<html>I guess you <span style="color:red;">beat</span> Jack at chess yesterday.</html>',NULL,'<html>My team <span style="color:red;">has been beaten</span> four times already.</html>',NULL,8,NULL);
INSERT INTO "Verbs" VALUES('become',NULL,'became',NULL,'become','стать; сделаться',NULL,'<html>My son <span style="color:red;">wants to become</span> a doctor when he grows up.</html>',NULL,'<html>Bill won the lottery and <span style="color:red;">became</span> rich overnight.</html>',NULL,'<html>Obesity <span style="color:red;">has become</span> a problem in the United States.</html>',NULL,9,NULL);
INSERT INTO "Verbs" VALUES('befall',NULL,'befell',NULL,'befallen','случиться',NULL,'<html>A strange fate <span style="color:red;">befells</span> him.</html>',NULL,'<html>A strange fate <span style="color:red;">befell</span> him last year.</html>',NULL,'<html>A strange fate <span style="color:red;">has befallen</span> him since he arrived here.</html>',NULL,10,NULL);
INSERT INTO "Verbs" VALUES('beget',NULL,'begot; begat',NULL,'begotten','порождать',NULL,'<html>A war <span style="color:red;">begets</span> misery.</html>',NULL,'<html>A war <span style="color:red;">begot</span> misery.</html>',NULL,'<html>A war <span style="color:red;">has begotten</span> misery.</html>',NULL,11,NULL);
INSERT INTO "Verbs" VALUES('begin',NULL,'began',NULL,'begun','начать',NULL,'<html>The alphabet <span style="color:red;">begins</span> with the letter “a”.</html>',NULL,'<html>It <span style="color:red;">began</span> to rain just as we were going out.</html>',NULL,'<html>They <span style="color:red;">had begun</span> to work when the bell rang.</html>',NULL,12,NULL);
INSERT INTO "Verbs" VALUES('behold',NULL,'beheld',NULL,'beheld','зреть',NULL,'<html><span style="color:red;">To behold</span> the sunrise.</html>',NULL,'<html>I <span style="color:red;">beheld</span> the sunrise.</html>',NULL,'<html>I <span style="color:red;">have beheld</span> the sunrise.</html>',NULL,14,NULL);
INSERT INTO "Verbs" VALUES('bend',NULL,'bent',NULL,'bent','согнуть(ся)',NULL,'<html>The river <span style="color:red;">bends</span> beyond that tree.</html>',NULL,'<html>The doctor <span style="color:red;">bent</span> over to examine the patient.</html>',NULL,'<html>Be careful! You <span style="color:red;">have bent</span> my glasses.</html>',NULL,15,NULL);
INSERT INTO "Verbs" VALUES('bereave',NULL,'bereft; bereaved',NULL,'bereft; bereaved','лишать',NULL,'<html>Nothing <span style="color:red;">can bereave</span> me of my memories of the past.</html>',NULL,'<html>An accident <span style="color:red;">bereft</span> the father of his child.</html>',NULL,'<html>He <span style="color:red;">was bereft</span> of the power of speech.</html>',NULL,16,NULL);
INSERT INTO "Verbs" VALUES('beseech',NULL,'besought; beseeched',NULL,'besought; beseeched','умолять; упрашивать',NULL,'<html>I <span style="color:red;">beseech</span> you to listen.</html>',NULL,'<html>I <span style="color:red;">besought</span> you never to utter this word again.</html>',NULL,'<html>I <span style="color:red;">have besought</span> your worship''s pardon.</html>',NULL,17,NULL);
INSERT INTO "Verbs" VALUES('beset',NULL,'beset',NULL,'beset','осаждать',NULL,'<html>Mosquitoes<span style="color:red;">beset</span> him.</html>',NULL,'<html>Mosquitoes<span style="color:red;">beset</span>us yesterday.</html>',NULL,'<html>The problem <span style="color:red;">is beset</span> with difficulties.</html>',NULL,18,NULL);
INSERT INTO "Verbs" VALUES('bespeak',NULL,'bespoke',NULL,'bespoke; bespoken','заказывать',NULL,'<html><span style="color:red;">May</span> I <span style="color:red;">bespeak</span> your help?</html>',NULL,'<html>I<span style="color:red;">bespoke</span> a box at the theatre yesterday.</html>',NULL,'<html>Every room in this hotel <span style="color:red;">is</span> already <span style="color:red;">bespoken</span>.</html>',NULL,19,NULL);
INSERT INTO "Verbs" VALUES('bet',NULL,'bet; betted',NULL,'bet; betted','держать пари',NULL,'<html>It is <span style="color:red;">possible to bet</span> on almost anything nowadays.</html>',NULL,'<html>Mary <span style="color:red;">bet</span> a lot of money on that horse that came in last.<html>',NULL,'<html>John <span style="color:red;">has bet</span> ten dollars that he can beat me in a tennis match.</html>',NULL,22,NULL);
INSERT INTO "Verbs" VALUES('betake',NULL,'betook',NULL,'betaken','приниматься; отправляться',NULL,'<html><span style="color:red;">To betake</span> oneself to one''s studies.</html>',NULL,'<html>He <span style="color:red;">betook</span> his wife to a place of safety yesterday.</html>',NULL,'<html>He <span style="color:red;">has</span> just <span style="color:red;">betaken</span> his daughter to a place of safety.</html>',NULL,23,NULL);
INSERT INTO "Verbs" VALUES('bid',NULL,'bad; bade; bid',NULL,'bid; bidden','велеть; просить',NULL,'<html>The English company <span style="color:red;">will be bidding</span> for the oil contract.</html>',NULL,'<html>At the auction, James <span style="color:red;">bid</span> $5,000 for the painting.</html>',NULL,'<html>Bill <span style="color:red;">has bid</span> the highest price for the book at the auction so far.</html>',NULL,24,NULL);
INSERT INTO "Verbs" VALUES('bind',NULL,'bound',NULL,'bound','связать',NULL,'<html>You <span style="color:red;">can use</span> this ribbon <span style="color:red;">to bind</span> the package.</html>',NULL,'<html>I’<span style="color:red;">ve got</span> Arthur Conan Doyle''s books <span style="color:red;">bound</span> in leather.</html>',NULL,'<html>A strong culture <span style="color:red;">has bound</span> the Chinese people together for many years.</html>',NULL,25,NULL);
INSERT INTO "Verbs" VALUES('bite',NULL,'bit',NULL,'bitten','кусать',NULL,'<html>When Jack is nervous, he <span style="color:red;">bites</span> his pencil.</html>',NULL,'<html>My neighbor’s dog <span style="color:red;">bit</span> Sally the other day.</html>',NULL,'<html>During the picnic, we <span style="color:red;">were bitten</span> by mosquitoes.</html>',NULL,26,NULL);
INSERT INTO "Verbs" VALUES('bleed',NULL,'bled',NULL,'bled','кровоточить',NULL,'<html>The boxer had a black eye and his nose <span style="color:red;">was bleeding</span>.</html>',NULL,'<html>The injured dog <span style="color:red;">bled</span> to death on the roadside.</html>',NULL,'<html>Bill could <span style="color:red;">have bled</span> to death if the he had not received help.</html>',NULL,27,NULL);
INSERT INTO "Verbs" VALUES('blow',NULL,'blew',NULL,'blown','дуть',NULL,'<html>A freezing wind <span style="color:red;">is blowing</span> from the south.</html>',NULL,'<html>Billy <span style="color:red;">blew</span> the candles of his birthday cake.</html>',NULL,'<html>That terrible windstorm <span style="color:red;">had blown</span> all the trees down.</html>',NULL,29,NULL);
INSERT INTO "Verbs" VALUES('break',NULL,'broke',NULL,'broken','(с)ломать',NULL,'<html>Please handle this vase with care or else you’<span style="color:red;">ll break</span> it.</html>',NULL,'<html>The kid fell off the tree and <span style="color:red;">broke</span> his arm.</html>',NULL,'<html>We can’t use our microwave because it <span style="color:red;">is broken</span>.</html>',NULL,30,NULL);
INSERT INTO "Verbs" VALUES('breed',NULL,'bred',NULL,'bred','выращивать',NULL,'<html>He has a ranch in Mexico where he <span style="color:red;">breeds</span> horses.</html>',NULL,'<html>Those dogs were traditionally <span style="color:red;">bred</span> for protection.</html>',NULL,'<html>The puppies that my dog <span style="color:red;">has bred</span> will be given away.</html>',NULL,31,NULL);
INSERT INTO "Verbs" VALUES('bring',NULL,'brought',NULL,'brought','принести',NULL,'<html><span style="color:red;">Can</span> you <span style="color:red;">bring</span> me the newspaper from the bedroom?</html>',NULL,'<html>Astronauts <span style="color:red;">brought</span> back a piece of the moon.</html>',NULL,'<html>They ate all the food we <span style="color:red;">had brought</span> for the party.</html>',NULL,32,NULL);
INSERT INTO "Verbs" VALUES('broadcast',NULL,'broadcast',NULL,'broadcast','распространять; разбрасывать',NULL,'<html>Our TV always <span style="color:red;">broadcasts</span> the local celebrations.</html>',NULL,'<html>Sport News <span style="color:red;">broadcast</span>the tennis match yesterday.</html>',NULL,'<html>CNN <span style="color:red;">has broadcast</span> a documentary on terrorism.</html>',NULL,33,NULL);
INSERT INTO "Verbs" VALUES('build',NULL,'built',NULL,'built','строить',NULL,'<html>The government <span style="color:red;">plans to build</span> new schools in this area.</html>',NULL,'<html>The survivors <span style="color:red;">built</span> a raft and were able to get to the shore.</html>',NULL,'<html>More and more hotels <span style="color:red;">are built</span> for tourists in this region.</html>',NULL,35,NULL);
INSERT INTO "Verbs" VALUES('burn',NULL,'burnt; burned',NULL,'burnt; burned','жечь; гореть',NULL,'<html>Many people <span style="color:red;">exercise to burn</span> calories.</html>',NULL,'<html>Susan <span style="color:red;">burnt</span> all the letters her boyfriend had written to her.</html>',NULL,'<html>The historical building <span style="color:red;">was burnt</span> to ashes by vandals.</html>',NULL,36,NULL);
INSERT INTO "Verbs" VALUES('burst',NULL,'burst',NULL,'burst','разразиться; взорваться',NULL,'<html>I hate balloons when they <span style="color:red;">burst</span>.</html>',NULL,'<html>One of our car tyres <span style="color:red;">burst</span> after hitting a pothole.</html>',NULL,'<html>My son started to cry because his balloon <span style="color:red;">had burst</span>.</html>',NULL,37,NULL);
INSERT INTO "Verbs" VALUES('buy',NULL,'bought',NULL,'bought','купить',NULL,'<html>I <span style="color:red;">have been saving</span> some money <span style="color:red;">to buy</span> a new car.</html>',NULL,'<html>The old lady was feeling lonely so she <span style="color:red;">bought</span> a dog.</html>',NULL,'<html>She told her grandson that she <span style="color:red;">had bought</span> a lot of candy for him.</html>',NULL,39,NULL);
INSERT INTO "Verbs" VALUES('can',NULL,'could',NULL,'been able to','мочь; уметь',NULL,'<html>John <span style="color:red;">can</span> run very quickly.</html>',NULL,'<html>Joyce <span style="color:red;">could</span> be wrong.</html>',NULL,'<html>I <span style="color:red;">will be able to</span> go find a new job soon because I have been studying very hard.</html>',NULL,40,NULL);
INSERT INTO "Verbs" VALUES('cast',NULL,'cast',NULL,'cast','кинуть; лить металл',NULL,'<html>The tall building <span style="color:red;">casts</span> a shadow over the park.</html>',NULL,'<html>The fisherman stopped his boat and <span style="color:red;">cast</span> the net into the river.</html>',NULL,'<html>The news which <span style="color:red;">had cast</span> doubts on the president’s honesty was false.</html>',NULL,41,NULL);
INSERT INTO "Verbs" VALUES('catch',NULL,'caught',NULL,'caught','ловить; поймать',NULL,'<html>Spiders <span style="color:red;">use</span> their webs <span style="color:red;">to catch</span> insects.</html>',NULL,'<html>Jack <span style="color:red;">caught</span> the train at seven o''clock that morning.</html>',NULL,'<html>The thieves <span style="color:red;">were caught</span> when they were coming out of the shop.</html>',NULL,42,NULL);
INSERT INTO "Verbs" VALUES('choose',NULL,'chose',NULL,'chosen','выбрать',NULL,'<html>The jury <span style="color:red;">will have to choose</span> one winner per country.</html>',NULL,'<html>She <span style="color:red;">chose</span> the most beautiful dress in the shop and bought it.</html>',NULL,'<html>Mr. Jones <span style="color:red;">was chosen</span> as executive director of the company.</html>',NULL,44,NULL);
INSERT INTO "Verbs" VALUES('cleave',NULL,'clove; cleft; cleaved',NULL,'cloven; cleft; cleaved','рассечь',NULL,'<html>The plane <span style="color:red;">was cleaving</span> the clouds.<html>',NULL,'<html>The ground <span style="color:red;">clove</span> by frost yesterday.<html>',NULL,'<html>The earthquake <span style="color:red;">has cleft</span> great chasms in the rocks.</html>',NULL,45,NULL);
INSERT INTO "Verbs" VALUES('cling',NULL,'clung',NULL,'clung','цепляться; льнуть',NULL,'<html>We sometimes <span style="color:red;">cling</span> to silly superstitions.</html>',NULL,'<html>The survivors of the shipwreck <span style="color:red;">clung</span> to a raft.</html>',NULL,'<html>The dictator <span style="color:red;">has clung</span> to power for too many years.</html>',NULL,46,NULL);
INSERT INTO "Verbs" VALUES('come',NULL,'came',NULL,'come','прийти',NULL,'<html>Tom usually <span style="color:red;">comes</span> to school by bus.</html>',NULL,'<html>She is feeling sad because nobody <span style="color:red;">came</span> to her party last night.</html>',NULL,'<html>How many people <span style="color:red;">have come</span> to the exhibition yet?</html>',NULL,47,NULL);
INSERT INTO "Verbs" VALUES('cost',NULL,'cost',NULL,'cost','стоить',NULL,'<html>Excuse me, <span style="color:red;">how much does</span> this book <span style="color:red;">cost</span>?</html>',NULL,'<html>His fiancee’s diamond ring <span style="color:red;">cost</span> a fortune.</html>',NULL,'<html>It <span style="color:red;">has cost</span> a fortune to continue with that war.</html>',NULL,48,NULL);
INSERT INTO "Verbs" VALUES('creep',NULL,'crept',NULL,'crept','ползти',NULL,'<html>We saw a crocodile <span style="color:red;">creeping</span> along the road.</html>',NULL,'<html>The camper <span style="color:red;">crept</span> into the tent as soon as the sun had set.</html>',NULL,'<html>The spider <span style="color:red;">has crept</span>on my arm.</html>',NULL,50,NULL);
INSERT INTO "Verbs" VALUES('cut',NULL,'cut',NULL,'cut','резать',NULL,'<html>My father often <span style="color:red;">cuts</span> himself while shaving.</html>',NULL,'<html>Billy <span style="color:red;">cut</span> his finger with a knife when he was cooking.</html>',NULL,'<html>The hairdresser <span style="color:red;">has cut</span> Jane’s hair very short.</html>',NULL,52,NULL);
INSERT INTO "Verbs" VALUES('dare',NULL,'durst; dared',NULL,'dared','сметь',NULL,'<html>He <span style="color:red;">won''t dare</span> to deny it.</html>',NULL,'<html>He <span style="color:red;">dared</span> to want to be somebody.</html>',NULL,'<html>Would young people <span style="color:red;">have dared</span> to riot in term time?</html>',NULL,53,NULL);
INSERT INTO "Verbs" VALUES('deal',NULL,'dealt',NULL,'dealt','иметь дело',NULL,'<html>Ms. Pierce <span style="color:red;">deals</span> with all kinds of people in her job.</html>',NULL,'<html>Those detectives <span style="color:red;">dealt</span> with very dangerous criminals.</html>',NULL,'<html>I <span style="color:red;">have dealt</span> with adversity all my life!</html>',NULL,54,NULL);
INSERT INTO "Verbs" VALUES('dig',NULL,'dug',NULL,'dug','копать',NULL,'<html>They’<span style="color:red;">re digging</span> for gold in this area.</html>',NULL,'<html>The dog <span style="color:red;">dug</span> all the garden but couldn’t find its bone.</html>',NULL,'<html>A ditch <span style="color:red;">is being dug</span> along the road.</html>',NULL,55,NULL);
INSERT INTO "Verbs" VALUES('dive',NULL,'dived; dove',NULL,'dived','нырять; погружаться',NULL,'<html>These town folks <span style="color:red;">dive</span> for pearls as a means of living.</html>',NULL,'<html>It was very hot, so we <span style="color:red;">dove</span> into the lake and swam for a while.</html>',NULL,'<html>Lucy <span style="color:red;">has dived</span> with sharks many times since she came here.</html>',NULL,56,NULL);
INSERT INTO "Verbs" VALUES('do',NULL,'did',NULL,'done','делать',NULL,'<html>We <span style="color:red;">should do</span> something to help those people.</html>',NULL,'<html>The doctors <span style="color:red;">did</span> everything they could to save the patient.</html>',NULL,'<html>What <span style="color:red;">have</span> you <span style="color:red;">done</span> with my books?</html>',NULL,57,NULL);
INSERT INTO "Verbs" VALUES('draw',NULL,'drew',NULL,'drawn','тащить; рисовать',NULL,'<html>I <span style="color:red;">went</span> the bank <span style="color:red;">to draw</span> some money out of my account.</html>',NULL,'<html>The teacher wants to know who <span style="color:red;">drew</span> her caricature on the wall.</html>',NULL,'<html>Some readers <span style="color:red;">have drawn</span> wrong conclusions about the book.</html>',NULL,58,NULL);
INSERT INTO "Verbs" VALUES('dream',NULL,'dreamt; dreamed',NULL,'dreamt; dreamed','грезить; мечтать',NULL,'<html>She <span style="color:red;">was dreaming</span> when the alarm clock went off.</html>',NULL,'<html>I <span style="color:red;">dreamt</span> about you last night.</html>',NULL,'<html>Mark <span style="color:red;">has</span> always <span style="color:red;">dreamt</span> of becoming a doctor.</html>',NULL,59,NULL);
INSERT INTO "Verbs" VALUES('drink',NULL,'drank',NULL,'drunk','пить; выпить',NULL,'<html>You <span style="color:red;">mustn’t drink</span> and drive.</html>',NULL,'<html>Tracy <span style="color:red;">drank</span> far too much yesterday.</html>',NULL,'<html>I <span style="color:red;">have drunk</span> too much wine.</html>',NULL,60,NULL);
INSERT INTO "Verbs" VALUES('drive',NULL,'drove',NULL,'driven','гнать; ехать',NULL,'<html><span style="color:red;">Could</span> you <span style="color:red;">drive</span> me to the airport.</html>',NULL,'<html>I <span style="color:red;">drove</span> to the supermarket but couldn’t find a parking space there.</html>',NULL,'<html>The truck driver <span style="color:red;">has driven</span> the whole night and now he is exhausted.</html>',NULL,61,NULL);
INSERT INTO "Verbs" VALUES('dwell',NULL,'dwelt',NULL,'dwelt','обитать; задерживаться',NULL,'<html>That family <span style="color:red;">used to dwell</span> in a cottage beyond the river.</html>',NULL,'<html>Prehistoric man <span style="color:red;">dwelt</span> in caves.</html>',NULL,'<html>This boy <span style="color:red;">has dwelt</span> with Alaskan Indians.</html>',NULL,62,NULL);
INSERT INTO "Verbs" VALUES('eat',NULL,'ate',NULL,'eaten','кушать; есть',NULL,'<html>Laura is a vegetarian so she <span style="color:red;">doesn’t eat</span> meat.</html>',NULL,'<html>I was so hungry that I <span style="color:red;">ate</span> everything I found in the fridge.</html>',NULL,'<html>We’<span style="color:red;">ve eaten</span> so much that we won’t have dinner.</html>',NULL,63,NULL);
INSERT INTO "Verbs" VALUES('fall',NULL,'fell',NULL,'fallen','падать',NULL,'<html>With the coming of autumn, leaves <span style="color:red;">are starting to fall</span>.</html>',NULL,'<html>The kid <span style="color:red;">fell down</span> and broke his leg.</html>',NULL,'<html>The temperature <span style="color:red;">has fallen</span> sharply.</html>',NULL,64,NULL);
INSERT INTO "Verbs" VALUES('feed',NULL,'fed',NULL,'fed','кормить',NULL,'<html>My baby <span style="color:red;">is</span> too young <span style="color:red;">to feed</span> himself.</html>',NULL,'<html>The farmer <span style="color:red;">fed</span> the horses before going out to the field.</html>',NULL,'<html>I <span style="color:red;">haven’t fed</span> the cat yet.</html>',NULL,65,NULL);
INSERT INTO "Verbs" VALUES('feel',NULL,'felt',NULL,'felt','чувствовать',NULL,'<html>If you take some aspirin, you’<span style="color:red;">ll feel</span> better.</html>',NULL,'<html>Susan <span style="color:red;">felt</span> very sad when her cat died.</html>',NULL,'<html>I <span style="color:red;">have felt</span> great today!</html>',NULL,66,NULL);
INSERT INTO "Verbs" VALUES('fight',NULL,'fought',NULL,'fought','сражаться',NULL,'<html>Two of my classmates <span style="color:red;">are</span> always <span style="color:red;">fighting</span>.</html>',NULL,'<html>My grandfather John <span style="color:red;">fought</span> in World War II.</html>',NULL,'<html>He <span style="color:red;">should have fought</span> more.</html>',NULL,67,NULL);
INSERT INTO "Verbs" VALUES('find',NULL,'found',NULL,'found','находить',NULL,'<html>I <span style="color:red;">can’t find</span> my wallet. Have you seen it?</html>',NULL,'<html>I never thought that it would be so simple but I <span style="color:red;">found</span> a way,</html>',NULL,'<html>Scientists say they <span style="color:red;">have found</span> proof of a 4000-year-old civilization that was buried by a tsunami.</html>',NULL,68,NULL);
INSERT INTO "Verbs" VALUES('fit',NULL,'fit',NULL,'fit','подходить по размеру',NULL,'<html>David tried the blue suit on, but it <span style="color:red;">didn’t fit</span> him.</html>',NULL,'<html>This key <span style="color:red;">fit</span> the lock.</html>',NULL,'<html>All the rooms in this company <span style="color:red;">are fitted</span> with sprinklers.</html>',NULL,69,NULL);
INSERT INTO "Verbs" VALUES('flee',NULL,'fled',NULL,'fled','бежать; спасаться',NULL,'<html>The fugitive was caught by border guards while <span style="color:red;">trying to flee</span> the country.</html>',NULL,'<html>The Jacksons <span style="color:red;">fled</span> to the U.S. when the war broke out.</html>',NULL,'<html>When the police arrived, the driver <span style="color:red;">had</span> already <span style="color:red;">fled</span> the scene of the accident.</html>',NULL,70,NULL);
INSERT INTO "Verbs" VALUES('fling',NULL,'flung',NULL,'flung','бросить',NULL,'<html>As Peter arrives from work, he always <span style="color:red;">flings</span> his overcoat onto the sofa.</html>',NULL,'<html>The kids <span style="color:red;">flung</span> themselves onto the bed and turned on the TV.</html>',NULL,'<html>The door <span style="color:red;">was</span> suddenly <span style="color:red;">flung</span> open by the wind.</html>',NULL,71,NULL);
INSERT INTO "Verbs" VALUES('fly',NULL,'flew',NULL,'flown','летать',NULL,'<html>We saw a plane <span style="color:red;">flying</span> over the lake.</html>',NULL,'<html>A sparrow <span style="color:red;">flew</span> in through the window.</html>',NULL,'<html>This pilot <span style="color:red;">has flown</span> large passenger airplanes for many years.</html>',NULL,73,NULL);
INSERT INTO "Verbs" VALUES('forbear',NULL,'forbore',NULL,'forborne','воздерживаться',NULL,'<html>I <span style="color:red;">could not forbear</span> smiling at him.</html>',NULL,'<html>I <span style="color:red;">forbore</span> to comment on his behaviour.</html>',NULL,'<html>The mighty men of Babylon <span style="color:red;">have forborn</span> to fight.</html>',NULL,74,NULL);
INSERT INTO "Verbs" VALUES('forbid',NULL,'forbad; forbade',NULL,'forbidden','запретить',NULL,'<html>Photography <span style="color:red;">is</span> strictly <span style="color:red;">forbidden</span> during the show.</html>',NULL,'<html>The teacher <span style="color:red;">forbade</span> the pupils to leave the classroom.<html>',NULL,'<html>His doctor <span style="color:red;">has forbidden</span> him to eat salt.</html>',NULL,75,NULL);
INSERT INTO "Verbs" VALUES('forecast',NULL,'forecast; forecasted',NULL,'forecast; forecasted','предсказывать',NULL,'<html>Experts <span style="color:red;">forecast</span> an upturn in the economy.</html>',NULL,'<html>Yesterday''s News <span style="color:red;">forecasted</span>the bed weather for today.</html>',NULL,'<html>Thunderstorms <span style="color:red;">are forecast</span> for tomorrow.</html>',NULL,76,NULL);
INSERT INTO "Verbs" VALUES('foresee',NULL,'foresaw',NULL,'foreseen','предвидеть',NULL,'<html>It’s impossible <span style="color:red;">to foresee</span> how their plans will work out.</html>',NULL,'<html>They <span style="color:red;">foresaw</span> some difficulties arising in the future.</html>',NULL,'<html>Nobody <span style="color:red;">could have foreseen</span> the extent of the damage.</html>',NULL,77,NULL);
INSERT INTO "Verbs" VALUES('foretell',NULL,'foretold',NULL,'foretold','предсказывать',NULL,'<html>No one <span style="color:red;">can foretell</span> the future.</html>',NULL,'<html>The witch <span style="color:red;">foretold</span> that Thomas would become famous.</html>',NULL,'<html>The witch <span style="color:red;">has foretold</span> what the future will bring.</html>',NULL,78,NULL);
INSERT INTO "Verbs" VALUES('forget',NULL,'forgot',NULL,'forgotten','забыть',NULL,'<html>Before I <span style="color:red;">forget</span>, what’s your phone number?</html>',NULL,'<html>Liza <span style="color:red;">forgot</span> her umbrella on the bus.</html>',NULL,'<html>I <span style="color:red;">have forgotten</span> about today’s appointment.</html>',NULL,79,NULL);
INSERT INTO "Verbs" VALUES('forgive',NULL,'forgave',NULL,'forgiven','простить',NULL,'<html>She <span style="color:red;">won’t forgive</span> Steve for what he did to her.</html>',NULL,'<html>His boss <span style="color:red;">forgave</span> Mark for arriving late.</html>',NULL,'<html>Peter went to a cafe with another girl yesterday but Nataly <span style="color:red;">has forgiven</span> him.</html>',NULL,80,NULL);
INSERT INTO "Verbs" VALUES('forsake',NULL,'forsook',NULL,'forsaken','покидать',NULL,'<html>Alice loved Mike and promised that she <span style="color:red;">would</span> never <span style="color:red;">forsake</span> him.</html>',NULL,'<html>That woman <span style="color:red;">forsook</span> her family and went to live abroad.</html>',NULL,'<html>Paula adopted a stray dog whose owner <span style="color:red;">had forsaken</span> it.</html>',NULL,81,NULL);
INSERT INTO "Verbs" VALUES('freeze',NULL,'froze',NULL,'frozen','замерзнуть; замораживать',NULL,'<html>Water <span style="color:red;">freezes</span> at zero degrees Celsius.</html>',NULL,'<html>A climber <span style="color:red;">froze</span> to death on the mountain.</html>',NULL,'<html>Prices <span style="color:red;">have been frozen</span> owing to the new economic measures.</html>',NULL,83,NULL);
INSERT INTO "Verbs" VALUES('get',NULL,'got',NULL,'got','получить',NULL,'<html>I don’t know <span style="color:red;">how to get</span> home from here.</html>',NULL,'<html>Billy <span style="color:red;">got</span> a tennis racket for his birthday.</html>',NULL,'<html>I wish I <span style="color:red;">had got</span> a better picture.</html>',NULL,85,NULL);
INSERT INTO "Verbs" VALUES('give',NULL,'gave',NULL,'given','дать',NULL,'<html><span style="color:red;">Will</span> you <span style="color:red;">give</span> this letter to your mom, Molly?</html>',NULL,'<html>Mr. Blake <span style="color:red;">gave</span> his wife a ring for their wedding anniversary.</html>',NULL,'<html>The Jacksons <span style="color:red;">have</span> always <span style="color:red;">given</span> food and clothes to the poor.</html>',NULL,88,NULL);
INSERT INTO "Verbs" VALUES('go',NULL,'went',NULL,'gone; been','идти; уходить',NULL,'<html>Henry usually <span style="color:red;">goes</span> to work by train.</html>',NULL,'<html>We <span style="color:red;">went</span> to the movies last night.</html>',NULL,'<html>Mary is not at home. She <span style="color:red;">has gone</span> to the doctor’s.</html>',NULL,89,NULL);
INSERT INTO "Verbs" VALUES('grind',NULL,'ground',NULL,'ground','точить; молоть',NULL,'<html><span style="color:red;">Let’s grind</span> some coffee for breakfast.</html>',NULL,'<html>The cook <span style="color:red;">ground</span> some meat in order to make hamburgers.</html>',NULL,'<html>Carol <span style="color:red;">has ground</span> her teeth in her sleep lately.</html>',NULL,91,NULL);
INSERT INTO "Verbs" VALUES('grow',NULL,'grew',NULL,'grown','расти',NULL,'<html>Deserts <span style="color:red;">are too arid</span> for grass <span style="color:red;">to grow</span>.</html>',NULL,'<html>When I was a child, we had an orchard where we <span style="color:red;">grew</span> apples.</html>',NULL,'<html>My puppy <span style="color:red;">has grown</span> very quickly during the first seven months.</html>',NULL,92,NULL);
INSERT INTO "Verbs" VALUES('hang',NULL,'hung',NULL,'hung','висеть; повесить',NULL,'<html><span style="color:red;">Are</span> you <span style="color:red;">going to hang</span> that horrible picture on this wall?</html>',NULL,'<html>Caroline <span style="color:red;">hung</span> a flag from her balcony to show her solidarity.</html>',NULL,'<html>Your coat <span style="color:red;">has been hung</span> on that hook.</html>',NULL,94,NULL);
INSERT INTO "Verbs" VALUES('have',NULL,'had',NULL,'had','иметь',NULL,'<html>The Jacksons <span style="color:red;">have</span> three small children.</html>',NULL,'<html>Mr. White <span style="color:red;">had</span> a lot of money years ago, but now he is very poor.</html>',NULL,'<html>Linda <span style="color:red;">has had</span> a well-paid job since 2007.</html>',NULL,95,NULL);
INSERT INTO "Verbs" VALUES('hear',NULL,'heard',NULL,'heard','слушать',NULL,'<html>The old lady wears a hearing aid because she <span style="color:red;">can’t hear</span> very well.</html>',NULL,'<html>The dog started barking when he <span style="color:red;">heard</span> footsteps around the house.</html>',NULL,'<html><span style="color:red;">Have</span> you <span style="color:red;">heard</span> the latest news on the radio?</html>',NULL,96,NULL);
INSERT INTO "Verbs" VALUES('hide',NULL,'hid',NULL,'hidden','прятать(ся)',NULL, '<html>The burglar <span style="color:red;">was hiding</span> from the police in the basement.</html>',NULL,'<html>The kid was very scared so he <span style="color:red;">hid</span> under the bed.</html>',NULL,'<html>What <span style="color:red;">have</span> you <span style="color:red;">hidden</span> in that box, Sam?</html>',NULL,99,NULL);
INSERT INTO "Verbs" VALUES('hit',NULL,'hit',NULL,'hit','ударить; попасть',NULL,'<html>That tennis player <span style="color:red;">hits</span> the ball very hard.</html>',NULL,'<html>The old man <span style="color:red;">hit</span> the thief on the head with his walking stick.</html>',NULL,'<html>Amanda <span style="color:red;">has</span> never <span style="color:red;">hit</span> any of her children.</html>',NULL,100,NULL);
INSERT INTO "Verbs" VALUES('hold',NULL,'held',NULL,'held','держать',NULL,'<html>The champion <span style="color:red;">is holding</span> the trophy in the air.</html>',NULL,'<html>As she was crossing the street, Susie <span style="color:red;">held</span> her dad’s hand tightly.</html>',NULL,'<html>A tennis competition <span style="color:red;">is held</span> in this city every year.</html>',NULL,101,NULL);
INSERT INTO "Verbs" VALUES('hurt',NULL,'hurt',NULL,'hurt','причинить боль',NULL,'<html>When the ballet was over, the dancer’s feet <span style="color:red;">hurt</span>.</html>',NULL,'<html>The horseman <span style="color:red;">hurt</span> his back while taming a wild horse.</html>',NULL,'<html>Karen’s lies <span style="color:red;">have hurt</span> Steve so much that he’ll break the engagement.</html>',NULL,102,NULL);
INSERT INTO "Verbs" VALUES('inlay',NULL,'inlaid',NULL,'inlaid','вкладывать; выстилать',NULL,'<html>That jeweler <span style="color:red;">inlays</span> boxes with silver and gold.</html>',NULL,'<html>The lid of the coffer was <span style="color:red;">inlaid</span> with gold.</html>',NULL,'<html>Pieces of wood <span style="color:red;">have been inlaid</span> to the living-room wall.</html>',NULL,103,NULL);
INSERT INTO "Verbs" VALUES('input',NULL,'input; inputted',NULL,'input; inputted','входить',NULL,'<html>This teller <span style="color:red;">inputs</span> figures into the bank’s network system.</html>',NULL,'<html>Who <span style="color:red;">input</span> this text yesterday?</html>',NULL,'<html>All this data <span style="color:red;">has</span> already <span style="color:red;">been input</span> into the computer.</html>',NULL,104,NULL);
INSERT INTO "Verbs" VALUES('keep',NULL,'kept',NULL,'kept','хранить',NULL,'<html>Waiter, here’s a ten dollar bill. Please, <span style="color:red;">keep</span> the change.</html>',NULL,'<html>The old lady <span style="color:red;">kept</span> her jewels in a safe.</html>',NULL,'<html>That farmer <span style="color:red;">has kept</span> cattle for years.</html>',NULL,107,NULL);
INSERT INTO "Verbs" VALUES('kneel',NULL,'knelt',NULL,'knelt','становиться на колени',NULL,'<html>Many people <span style="color:red;">kneel</span> to pray.</html>',NULL,'<html>The vet <span style="color:red;">kneelt down</span> to examine the horse’s hoof.</html>',NULL,'<html>The congregation <span style="color:red;">has knelt</span> because the priest is praying.</html>',NULL,109,NULL);
INSERT INTO "Verbs" VALUES('knit',NULL,'knit; knitted',NULL,'knit; knitted','вязать',NULL,'<html>My grandmother <span style="color:red;">loves knitting</span> woolen scarves.</html>',NULL,'<html>Amy <span style="color:red;">knit</span> this white shawl herself.</html>',NULL,'<html>Wendy <span style="color:red;">has knitted</span> many sweaters using a machine.</html>',NULL,110,NULL);
INSERT INTO "Verbs" VALUES('know',NULL,'knew',NULL,'known','знать',NULL,'<html>I <span style="color:red;">know</span> very well what you mean.</html>',NULL,'<html>Steve <span style="color:red;">knew</span> that he would not get any help from anybody.</html>',NULL,'<html>We <span style="color:red;">have known</span> Victor for eight years.</html>',NULL,111,NULL);
INSERT INTO "Verbs" VALUES('lay',NULL,'laid',NULL,'laid','класть; положить',NULL,'<html>Hens <span style="color:red;">lay</span> eggs.</html>',NULL,'<html>The schoolboy <span style="color:red;">laid</span> his books on his desk and ran to the playground.</html>',NULL,'<html>Cindy <span style="color:red;">has</span> always <span style="color:red;">laid</span> the table before dinner.</html>',NULL,113,NULL);
INSERT INTO "Verbs" VALUES('lead',NULL,'led',NULL,'led','вести',NULL,'<html>Eating junk food <span style="color:red;">can lead</span> to health problems.</html>',NULL,'<html>The hostess <span style="color:red;">led</span> us to our table.</html>', NULL,'<html>That hermit <span style="color:red;">has</span> always <span style="color:red;">led</span> a very quiet life.</html>',NULL,114,NULL);
INSERT INTO "Verbs" VALUES('lean',NULL,'leant; leaned',NULL,'leant; leaned','опереться; прислониться',NULL,'<html>The man who <span style="color:red;">is leaning</span> against the wall is my brother.</html>',NULL,'<html>The boss <span style="color:red;">leant</span> back in his chair and listened to his employee.</html>',NULL,'<html>The old man <span style="color:red;">has leaned</span> on a woman’s arm.</html>',NULL,115,NULL);
INSERT INTO "Verbs" VALUES('leap',NULL,'leapt; leaped',NULL,'leapt; leaped','прыгать',NULL,'<html>Gazelles run and <span style="color:red;">leap over</span> meadows.</html>',NULL,'<html>At the aquarium, a killer whale <span style="color:red;">leapt</span> out of the water.</html>',NULL,'<html>Share prices <span style="color:red;">have leapt</span> from $200 to $350 today.</html>',NULL,116,NULL);
INSERT INTO "Verbs" VALUES('learn',NULL,'learnt; learned',NULL,'learnt; learned','учить',NULL,'<html>Kevin <span style="color:red;">is learning</span> to dance tango.</html>',NULL,'<html>What did Doris do when she <span style="color:red;">learnt</span> the news?</html>',NULL,'<html>Today my six-year-old child <span style="color:red;">has learnt</span> the alphabet at school.</html>',NULL,117,NULL);
INSERT INTO "Verbs" VALUES('leave',NULL,'left',NULL,'left','оставить',NULL,'<html>The plane <span style="color:red;">leaves</span> JFK airport at 8:00 a.m.</html>',NULL,'<html>It was very warm so I <span style="color:red;">left</span> the windows open.</html>',NULL,'<html>I’m sorry, Mr. Parker’s not in the office. He <span style="color:red;">has</span> already <span style="color:red;">left</span>.</html>',NULL,118,NULL);
INSERT INTO "Verbs" VALUES('lend',NULL,'lent',NULL,'lent','одолжить',NULL,'<html><span style="color:red;">Lend</span> me your pen, please.</html>',NULL,'<html>I <span style="color:red;">lent</span> Greg a novel but he hasn’t returned it yet.</html>',NULL,'<html>Anne didn''t have her bike yesterday because she <span style="color:red;">had lent</span> it to her friend.</html>',NULL,119,NULL);
INSERT INTO "Verbs" VALUES('let',NULL,'let',NULL,'let','пустить; дать',NULL,'<html><span style="color:red;">Let</span> me just finish this and I’ll help you.</html>',NULL,'<html>He<span style="color:red;">let</span> me go yesterday.</html>',NULL,'<html>I never <span style="color:red;">should have let</span> you go.</html>',NULL,120,NULL);
INSERT INTO "Verbs" VALUES('lie',NULL,'lay',NULL,'lain','лежать',NULL,'<html>London <span style="color:red;">lies</span> in the south of England.</html>',NULL,'<html>A dead snake <span style="color:red;">lay</span> on the road in my garden yesterday.</html>',NULL,'<html>My wife <span style="color:red;">has lain down</span>because she was very tired and decided to take a nap.</html>',NULL,121,NULL);
INSERT INTO "Verbs" VALUES('light',NULL,'lit',NULL,'lit','осветить',NULL,'<html>There was a power cut, so she <span style="color:red;">had to light</span> some candles.<html>',NULL,'<html>Mary was nervous, so she took out a cigarette and <span style="color:red;">lit</span> it.</html>',NULL,'<html>The campers <span style="color:red;">have lit</span> a fire and have sat around it.</html>',NULL,122,NULL);
INSERT INTO "Verbs" VALUES('lose',NULL,'lost',NULL,'lost','терять',NULL,'<html>If you keep telling lies, you’<span style="color:red;">ll lose</span> all your friends.</html>',NULL,'<html>My wife <span style="color:red;">lost</span> all our money in the casino.</html>',NULL,'<html>I need to go to the embassy because I’<span style="color:red;">ve</span> just <span style="color:red;">lost</span> my passport.</html>',NULL,123,NULL);
INSERT INTO "Verbs" VALUES('make',NULL,'made',NULL,'made','делать',NULL,'<html><span style="color:red;">Make</span> your bed before you go to school, Ted.</html>',NULL,'<html>Yesterday I <span style="color:red;">made</span> my official profile including the latest music, albums, songs and music videos.',NULL,'<html>I’<span style="color:red;">ve</span> just <span style="color:red;">made</span> a cake. Would you like a slice?</html>',NULL,124,NULL);
INSERT INTO "Verbs" VALUES('mean',NULL,'meant',NULL,'meant','подразумевать',NULL,'<html>I don’t understand. What <span style="color:red;">do</span> you <span style="color:red;">mean</span>?</html>',NULL,'<html>You understood wrong. That''s not what I <span style="color:red;">meant</span>.</html>',NULL,'<html>Caroline <span style="color:red;">had meant</span> to help me but he couldn’t.</html>',NULL,126,NULL);
INSERT INTO "Verbs" VALUES('meet',NULL,'met',NULL,'met','встретить',NULL,'<html><span style="color:red;">Let’s meet</span> for a drink on Saturday.</html>',NULL,'<html>Tracy <span style="color:red;">met</span> her husband when she was a college student.</html>',NULL,'<html><span style="color:red;">Have</span> you ever <span style="color:red;">met</span> a famous movie star before?</html>',NULL,127,NULL);
INSERT INTO "Verbs" VALUES('mislead',NULL,'misled',NULL,'misled','ввести в заблуждение',NULL,'<html>You always <span style="color:red;">mislead</span> me!</html>',NULL,'<html>Witnesses who <span style="color:red;">misled</span> the police commit a serious offence yesterday.</html>',NULL,'<html>He <span style="color:red;">has misled</span> us on purpose about his actual motive.</html>',NULL,134,NULL);
INSERT INTO "Verbs" VALUES('misread',NULL,'misread',NULL,'misread','неправильно истолковывать',NULL,'<html>He always<span style="color:red;">misread</span> dates on our business letters!</html>',NULL,'<html>He <span style="color:red;">misread</span> a letter.</html>',NULL,'<html>The situation <span style="color:red;">was misread</html>',NULL,135,NULL);
INSERT INTO "Verbs" VALUES('mistake',NULL,'mistook',NULL,'mistaken','неправильно понимать',NULL,'<html>I always<span style="color:red;">mistake</span> people’s good intentions and get offended.</html>',NULL,'<html>The woman <span style="color:red;">mistook</span> his gesture and got furious.</html>',NULL,'<html>Alice <span style="color:red;">has mistaken</span> the dog’s welcoming bark as a threat.</html>',NULL,138,NULL);
INSERT INTO "Verbs" VALUES('misunderstand',NULL,'misunderstood',NULL,'misunderstood','неправильно понимать',NULL,'<html><span style="color:red;">Don’t misunderstand</span> Sarah—she is grateful for your assistance.</html>',NULL,'<html>You <span style="color:red;">misunderstood</span> my intentions. I just want to help you.</html>',NULL,'<html>I thought Dr. Evans was your physician. I <span style="color:red;">must have misunderstood</span> you.</html>',NULL,139,NULL);
INSERT INTO "Verbs" VALUES('mow',NULL,'mowed',NULL,'mown; mowed','косить',NULL,'<html>May I borrow your mower? I need <span style="color:red;">to mow</span> my lawn.</html>',NULL,'<html>Our gardener <span style="color:red;">mowed</span> the lawn last week.</html>',NULL,'<html>I can feel the smell of grass. Dad <span style="color:red;">must have mown</span> the back yard.</html>',NULL,140,NULL);
INSERT INTO "Verbs" VALUES('outrun',NULL,'outran',NULL,'outrun','перегонять; опережать',NULL,'<html>He <span style="color:red;">outruns</span> his competitors.</html>',NULL,'<html>Take care lest your expenses <span style="color:red;">outrun</span> your income.</html>',NULL,'<html>His ambition <span style="color:red;">outran</span> his ability.</html>',NULL,147,NULL);
INSERT INTO "Verbs" VALUES('outshine',NULL,'outshone',NULL,'outshone','затмевать',NULL,'<html>His pupils <span style="color:red;">outshine</span> him.</html>',NULL,'<html>His pupils <span style="color:red;">outshone</span> him.</html>',NULL,'<html>His pupils <span style="color:red;">have outshone</span> him.</html>',NULL,149,NULL);
INSERT INTO "Verbs" VALUES('overdo',NULL,'overdid',NULL,'overdone','пережари(ва)ть',NULL,'<html>Work hard but <span style="color:red;">don''t overdo</span> it.</html>',NULL,'<html>He <span style="color:red;">overdid</span> his apology.<html>',NULL,'<html>The vegetables <span style="color:red;">were overdone</span>.</html>',NULL,152,NULL);
INSERT INTO "Verbs" VALUES('overhang',NULL,'overhung',NULL,'overhung','нависать',NULL,'<html>The ledge <span style="color:red;">overhangs</span> several feet.</html>',NULL,'<html>The cliffs <span style="color:red;">overhung</span> the stream.</html>',NULL,'<html>A slight mist <span style="color:red;">has overhung</span> the forest.</html>',NULL,156,NULL);
INSERT INTO "Verbs" VALUES('overhear',NULL,'overheard',NULL,'overheard','подслуш(ив)ать',NULL,'<html>We sometimes <span style="color:red;">overhear</span> our neighbors arguing.</html>',NULL,'<html>I <span style="color:red;">overheard</span> Mr. Gray saying that he had fire Edward.</html>',NULL,'<html>Let’s speak quietly so as <span style="color:red;">not to be overheard</span>.</html>',NULL,157,NULL);
INSERT INTO "Verbs" VALUES('overrun',NULL,'overran',NULL,'overrun','переливаться через край',NULL,'<html>Flooded rivers often<span style="color:red;">overrun</span> the valley.</html>',NULL,'<html>Vines <span style="color:red;">overran</span> the wall.</html>',NULL,'<html>Enemy troops <span style="color:red;">have overrun</span> the country.<html>',NULL,161,NULL);
INSERT INTO "Verbs" VALUES('overtake',NULL,'overtook',NULL,'overtaken','догонять',NULL,'<html>You <span style="color:red;">mustn’t overtake</span> vehicles on a curve because it’s very dangerous.</html>',NULL,'<html>Knowing that she might drown, desperation <span style="color:red;">overtook</span> her.</html>',NULL,'<html>We had to brake because we <span style="color:red;">were overtaken</span> by a huge truck.</html>',NULL,165,NULL);
INSERT INTO "Verbs" VALUES('partake',NULL,'partook',NULL,'partaken','принимать участие',NULL,'<html>For those wishing <span style="color:red;">to partake</span> in a number of walks we offer discount tickets.</html>',NULL,'<html>They <span style="color:red;">partook</span> of our triumph.</html>',NULL,'<html>He <span style="color:red;">has partaken</span> of the hospitalities of his friend.</html>',NULL,167,NULL);
INSERT INTO "Verbs" VALUES('pay',NULL,'paid',NULL,'paid','платить',NULL,'<html>How much <span style="color:red;">did</span> you <span style="color:red;">pay</span> for that car?</html>',NULL,'<html>The Smiths <span style="color:red;">paid</span> $400,000 for their new house.</html>',NULL,'<html>I <span style="color:red;">have paid</span> for my license.</html>',NULL,168,NULL);
INSERT INTO "Verbs" VALUES('prove',NULL,'proved',NULL,'proved; proven','доказывать; оказаться',NULL,'<html>His attorney believes that the new evidence <span style="color:red;">will prove</span> his innocence.</html>',NULL,'<html>Martin’s suspicions <span style="color:red;">proved</span> to be groundless.</html>',NULL,'<html>I <span style="color:red;">have proven</span> everything what I wnted to.</html>!.</html>',NULL,171,NULL);
INSERT INTO "Verbs" VALUES('put',NULL,'put',NULL,'put','класть',NULL,'<html>Gracy, <span style="color:red;">put</span> all your toys in the box before dinner.</html>',NULL,'<html>After the burglary, we <span style="color:red;">put</span> a new lock on the door.</html>',NULL,'<html><span style="color:red;">Have</span> you <span style="color:red;">put</span> sugar in my tea?</html>',NULL,172,NULL);
INSERT INTO "Verbs" VALUES('quit',NULL,'quit; quitted',NULL,'quit; quitted','покидать; оставлять',NULL,'<html>My uncle decided <span style="color:red;">to quit</span> smoking.</html>',NULL,'<html>Mr. Miller did not give me a raise and I<span style="color:red;">quit</span> my job.</html>',NULL,'<html>Betsy is on a diet so she <span style="color:red;">has quitted</span> junk food.</html>',NULL,173,NULL);
INSERT INTO "Verbs" VALUES('read',NULL,'read',NULL,'read','читать',NULL,'<html><span style="color:red;">Should</span> I <span style="color:red;">read</span> this book, Miss Anderson?</html>',NULL,'<html>Vivian <span style="color:red;">read</span> about the accident in yesterday’s newspaper.</html>',NULL,'<html><span style="color:red;">Have</span> you <span style="color:red;">read</span> any of his novels?</html>',NULL,174,NULL);
INSERT INTO "Verbs" VALUES('rid',NULL,'rid; ridded',NULL,'rid; ridded','избавлять',NULL,'<html>We <span style="color:red;">get rid</span> of old clothes by calling the Salvation Army.</html>',NULL,'<html>Alex <span style="color:red;">ridded</span> himself of guilt by telling the truth.</html>',NULL,'<html>Jack left home because he <span style="color:red;">wanted to be rid</span> of his parents.</html>',NULL,190,NULL);
INSERT INTO "Verbs" VALUES('ride',NULL,'rode',NULL,'ridden','ездить верхом',NULL,'<html>We <span style="color:red;">love riding</span> our bikes across the park.</html>',NULL,'<html>When my brother was a teenager, he <span style="color:red;">rode</span> a Harley Davidson.</html>',NULL,'<html>My sister <span style="color:red;">has ridden</span> horses since the age of seven.</html>',NULL,191,NULL);
INSERT INTO "Verbs" VALUES('ring',NULL,'rang',NULL,'rung','звонить',NULL,'<html>The phone <span style="color:red;">is ringing</span>.</html>',NULL,'<html>I <span style="color:red;">rang</span> the doorbell but there was nobody in the house.</html>',NULL,'<html>Your aunt <span style="color:red;">had</span> already <span style="color:red;">rang</span> when you asked me about her.</html>',NULL,192,NULL);
INSERT INTO "Verbs" VALUES('rise',NULL,'rose',NULL,'risen','подняться',NULL,'<html>The sun <span style="color:red;">rises</span> in the east and sets in the west.</html>',NULL,'<html>When the judge walked into the courtroom, everyone <span style="color:red;">rose</span>.</html>',NULL,'<html><span style="color:red;">Has</span> the cake <span style="color:red;">risen</span>? It’s been in the oven for 20 minutes.</html>',NULL,193,NULL);
INSERT INTO "Verbs" VALUES('run',NULL,'ran',NULL,'run','бежать; течь',NULL,'<html>My brother <span style="color:red;">can run</span> 100 meters in 11 minutes.</html>',NULL,'<html>Sean <span style="color:red;">ran</span> to the station, but missed the train.</html>',NULL,'<html>The dog was panting because it <span style="color:red;">had</span> just <span style="color:red;">run</span>.</html>',NULL,195,NULL);
INSERT INTO "Verbs" VALUES('saw',NULL,'sawed',NULL,'sawn; sawed','пилить',NULL,'<html>The carpenter <span style="color:red;">is sawing</span> some wood to make a cabinet.</html>',NULL,'<html>Lumberjacks <span style="color:red;">sawed</span> all the trees in this area last month.</html>',NULL,'<html>Our gardener <span style="color:red;">has sawn</span> a large branch from this tree.</html>',NULL,196,NULL);
INSERT INTO "Verbs" VALUES('say',NULL,'said',NULL,'said','говорить; сказать',NULL,'<html>Excuse me -I couldn’t hear you. What <span style="color:red;">did</span> you <span style="color:red;">say</span>?</html>',NULL,'<html>”Good morning, madam!” <span style="color:red;">said</span> the janitor.</html>',NULL,'<html>I <span style="color:red;">have said</span> enough.</html>',NULL,197,NULL);
INSERT INTO "Verbs" VALUES('see',NULL,'saw',NULL,'seen','видеть',NULL,'<html>Dave bought a pair of glasses because he <span style="color:red;">can’t see</span> very well.</html>',NULL,'<html>We <span style="color:red;">saw</span> a very good movie last night.</html>',NULL,'<html>The murderer <span style="color:red;">was seen</span> running from the scene of the crime.</html>',NULL,198,NULL);
INSERT INTO "Verbs" VALUES('seek',NULL,'sought',NULL,'sought','искать',NULL,'<html>My girlfriend <span style="color:red;">is seeking</span> a new job.</html>',NULL,'<html>As Peter was involved in an accident, he <span style="color:red;">sought</span> legal advice.</html>',NULL,'<html>That company <span style="color:red;">has</span> always <span style="color:red;">sought</span> new ways to expand its business.</html>',NULL,199,NULL);
INSERT INTO "Verbs" VALUES('sell',NULL,'sold',NULL,'sold','продавать',NULL,'<html>Most record stores <span style="color:red;">sell</span> CD’s and DVD’s.</html>',NULL,'<html>My neighbours <span style="color:red;">sold</span> their house to Mr. Walker for $500,000.</html>',NULL,'<html>This novel <span style="color:red;">has sold</span> so well that it has been reprinted many times.<html>',NULL,200,NULL);
INSERT INTO "Verbs" VALUES('send',NULL,'sent',NULL,'sent','послать',NULL,'<html>I <span style="color:red;">need to go</span> to the post office <span style="color:red;">to send</span> a letter.</html>',NULL,'<html>Bob <span style="color:red;">sent</span> the parcel by mail yesterday.</html>',NULL,'<html>Alison <span style="color:red;">hasn’t sent</span> any e-mails yet.</html>',NULL,201,NULL);
INSERT INTO "Verbs" VALUES('set',NULL,'set',NULL,'set','устанавливать',NULL,'<html>I don’t want to oversleep so I’<span style="color:red;">ll set</span> the alarm clock for six.</html>',NULL,'<html>No sooner had he arrived than he <span style="color:red;">set</span> his suitcase on the floor.</html>',NULL,'<html>The movie <span style="color:red;">is set</span> in San Francisco in the early ‘60s.</html>',NULL,202,NULL);
INSERT INTO "Verbs" VALUES('sew',NULL,'sewed',NULL,'sewed; sewn','шить',NULL,'<html>Mom, could you please <span style="color:red;">sew</span> the button on this jacket?</html>',NULL,'<html>A dressmaker <span style="color:red;">sewed</span> my wedding dress.</html>',NULL,'<html>The seams in Dad’s suit <span style="color:red;">were sewn</span> by a tailor.</html>',NULL,203,NULL);
INSERT INTO "Verbs" VALUES('shake',NULL,'shook',NULL,'shaken','трясти',NULL,'<html><span style="color:red;">Shake</span> the bottle well before you take this medicine.</html>',NULL,'<html>I asked my uncle to lend me his car but he <span style="color:red;">shook</span> his head in disapproval.</html>',NULL,'<html>The whole city <span style="color:red;">was shaken</span> by the earthquake.</html>',NULL,204,NULL);
INSERT INTO "Verbs" VALUES('shave',NULL,'shaved',NULL,'shaved; shaven','брить(ся)',NULL,'<html>Your beard is growing. You <span style="color:red;">should shave</span> it.</html>',NULL,'<html>My cousin <span style="color:red;">shaved off</span> his moustache two days ago.</html>',NULL,'<html>He <span style="color:red;">has shaven</span> his head because he has decided to become a monk.</html>',NULL,205,NULL);
INSERT INTO "Verbs" VALUES('shear',NULL,'sheared',NULL,'shorn; sheared','стричь',NULL,'<html>The town’s barber <span style="color:red;">shears</span> his hair every other month.</html>',NULL,'<html>I took my poodle to the pet shop and they’<span style="color:red;">sheared</span> her.</html>',NULL,'<html>All the sheep on this farm <span style="color:red;">are shorn</span> twice a year.</html>',NULL,206,NULL);
INSERT INTO "Verbs" VALUES('shed',NULL,'shed',NULL,'shed','проливать',NULL,'<html>Snakes <span style="color:red;">shed</span> their skin from time to time.</html>',NULL,'<html>My niece <span style="color:red;">shed</span> tears when she heard that her cat had died.</html>',NULL,'<html>The fishermen <span style="color:red;">has shed</span> light on the water to catch crabs.</html>',NULL,207,NULL);
INSERT INTO "Verbs" VALUES('shine',NULL,'shone',NULL,'shone','светить; сиять',NULL,'<html>The sun <span style="color:red;">is shining</span> so let’s go to the beach.</html>',NULL,'<html>In the morning sun, the stream <span style="color:red;">shone</span> like silver.</html>',NULL,'<html>The campers <span style="color:red;">have shone</span> their flashlights around the dark forest.</html>',NULL,208,NULL);
INSERT INTO "Verbs" VALUES('shoot',NULL,'shot',NULL,'shot','стрелять; давать побеги',NULL,'<html>Please <span style="color:red;">don’t shoot</span>! Here, take my money and my car key.</html>',NULL,'<html>The man pulled out a gun and <span style="color:red;">shot</span> the stranger who had entered his house.</html>',NULL,'<html>Hunters <span style="color:red;">have</span> just <span style="color:red;">shot</span> a big bear.</html>',NULL,210,NULL);
INSERT INTO "Verbs" VALUES('show',NULL,'showed',NULL,'shown','показывать',NULL,'<html>I’m a beginner. <span style="color:red;">Could you</span> please <span style="color:red;">show</span> me how to hold the racket?</html>',NULL,'<html>My nephew <span style="color:red;">showed</span> me the butterfly he kept inside a box.</html>',NULL,'<html>Oliver <span style="color:red;">has shown</span> his oil painting at an art gallery this year.</html>',NULL,211,NULL);
INSERT INTO "Verbs" VALUES('shrink',NULL,'shrank; shrunk',NULL,'shrunk','сокращаться; сжиматься; отпрянуть',NULL,'<html>If you wash a woolen sweater with hot water, it <span style="color:red;">will shrink</span>.</html>',NULL,'<html>Miraculously, her brain tumor <span style="color:red;">shrank</span> and finally disappeared.</html>',NULL,'<html>As the firm <span style="color:red;">had shrunk</span>, they decided to lay off personnel.</html>',NULL,213,NULL);
INSERT INTO "Verbs" VALUES('shut',NULL,'shut',NULL,'shut','закрывать',NULL,'<html>The corner coffestore <span style="color:red;">shuts</span> at midnight.</html>',NULL,'<html>Hardly had he walked in when he <span style="color:red;">shut</span> the door behind him.</html>',NULL,'<html>I <span style="color:red;">had shut</span> all the windows before I went to bed.</html>',NULL,215,NULL);
INSERT INTO "Verbs" VALUES('sing',NULL,'sang',NULL,'sung','петь',NULL,'<html>At sunrise, birds <span style="color:red;">sing</span> outside my bedroom window.</html>',NULL,'<html>Frank Sinatra <span style="color:red;">sang</span> many songs during his lifetime.</html>',NULL,'<html>Today I have a very good mood! I <span style="color:red;">have sung</span> all songs that I remember.</html>',NULL,216,NULL);
INSERT INTO "Verbs" VALUES('sink',NULL,'sank',NULL,'sunk','опускаться; погружаться; тонуть',NULL,'<html>She always <span style="color:red;">sinks</span> into her favorite armchair to read his letter.</html>',NULL,'<html>The Titanic <span style="color:red;">sank</span> in 1912.</html>',NULL,'<html>The boat <span style="color:red;">has sunk</span> owing to its heavy cargo.</html>',NULL,217,NULL);
INSERT INTO "Verbs" VALUES('sit',NULL,'sat',NULL,'sat','сидеть',NULL,'<html>Excuse me—you <span style="color:red;">may not sit</span> here because this seat is reserved.</html>',NULL,'<html>In the waiting room, Mrs. Jackson <span style="color:red;">sat</span> on a chair and read a magazine.</html>',NULL,'<html>I <span style="color:red;">have sat</span> here for two hours.</html>',NULL,218,NULL);
INSERT INTO "Verbs" VALUES('slay',NULL,'slew',NULL,'slain','убивать',NULL,'<html>The hijackers <span style="color:red;">may slay</span> all the crew on this plane.</html>',NULL,'<html>The prince <span style="color:red;">slew</span> the dragon with a sword.</html>',NULL,'<html>Sadly, the hostages <span style="color:red;">were slain</span> by the kidnappers.</html>',NULL,219,NULL);
INSERT INTO "Verbs" VALUES('sleep',NULL,'slept',NULL,'slept','спать',NULL,'<html>We <span style="color:red;">couldn’t sleep</span> last night because our neigbours had a noisy party.</html>',NULL,'<html>I <span style="color:red;">slept</span> like a log until about 12.</html>',NULL,'<html>I feel tired, I <span style="color:red;">haven’t slept</span> very well for the last three days.</html>',NULL,220,NULL);
INSERT INTO "Verbs" VALUES('slide',NULL,'slid',NULL,'slid','скользить',NULL,'<html>These doors <span style="color:red;">slide</span> open automatically.</html>',NULL,'<html>The skier <span style="color:red;">slid</span> downhill and reached the foot of the mountain.</html>',NULL,'<html>The snake <span style="color:red;">had slid</span> along the sand before it hid behind a rock.</html>',NULL,221,NULL);
INSERT INTO "Verbs" VALUES('sling',NULL,'slung',NULL,'slung','швырять; подвешивать',NULL,'<html><span style="color:red;">Don’t sling</span> your clothes on the floor, Alex. Be tidy. </html>',NULL,'<html>They <span style="color:red;">slung</span> their jackets into the back of the van and left.</html>',NULL,'<html><span style="color:red;">Tom </span> you <span style="color:red;">has slung</span> a few pears.</html>',NULL,222,NULL);
INSERT INTO "Verbs" VALUES('slink',NULL,'slunk',NULL,'slunk','идти крадучись',NULL,'<html>The stranger tried <span style="color:red;">to slink</span> into the mansion by a cellar door.</html>',NULL,'<html>A thief <span style="color:red;">slunk</span> into the jewelry store, stole a pearl necklace, and escaped.</html>',NULL,'<html>The band <span style="color:red;">has</span> just <span style="color:red;">slunk</span>.</html>',NULL,223,NULL);
INSERT INTO "Verbs" VALUES('slit',NULL,'slit',NULL,'slit','раздирать(ся); разрезать (вдоль)',NULL,'<html>The robber <span style="color:red;">tried to slit</span> the man’s throat but was caught by the police.</html>',NULL,'<html>Mr. Brown <span style="color:red;">slit</span> open an envelope and took out a letter.</html>',NULL,'<html>The dancer’s skirt <span style="color:red;">was slit</span> up the side.</html>',NULL,224,NULL);
INSERT INTO "Verbs" VALUES('smell',NULL,'smelt; smelled',NULL,'smelt; smelled','пахнуть; нюхать',NULL,'<html>I <span style="color:red;">can smell</span> something burning.</html>',NULL,'<html>His breath <span style="color:red;">smelt</span> of alcohol and couldn’t walk properly.</html>',NULL,'<html>The best I <span style="color:red;">have</span> ever <span style="color:red;">smelled</span> is my wife''parfume.</html>',NULL,225,NULL);
INSERT INTO "Verbs" VALUES('sow',NULL,'sowed',NULL,'sowed; sown','(по)сеять',NULL,'<html>If you <span style="color:red;">sow</span> now, you’ll have to harvest in the summer.</html>',NULL,'<html>We <span style="color:red;">sowed</span> a lot of plants yesterday.</html>',NULL,'<html>Once he <span style="color:red;">had sown</span> the seeds, our gardener watered the flowerbed.</html>',NULL,227,NULL);
INSERT INTO "Verbs" VALUES('speak',NULL,'spoke',NULL,'spoken','говорить',NULL,'<html>Is Mr. Wilkins in, please? I <span style="color:red;">need to speak</span> to him—it’s urgent.</html>',NULL,'<html>The man who <span style="color:red;">spoke</span> to me had a foreign accent.</html>',NULL,'<html>Barbara’s teacher <span style="color:red;">has spoken</span> to her mother about her low grades.</html>',NULL,228,NULL);
INSERT INTO "Verbs" VALUES('speed',NULL,'sped; speeded',NULL,'sped; speeded','ускорять; спешить',NULL,'<html>According to doctor, these pills <span style="color:red;">will speed</span> Kate’s recovery.</html>',NULL,'<html>The ambulance <span style="color:red;">sped</span> along the highway towards the hospital.</html>',NULL,'<html>The taxi <span style="color:red;">has</span> just <span style="color:red;">speeded</span> us to the airport.</html>',NULL,229,NULL);
INSERT INTO "Verbs" VALUES('spell',NULL,'spelt; spelled',NULL,'spell; spelled','писать или читать по буквам',NULL,'<html>Excuse me, <span style="color:red;">how do</span> you <span style="color:red;">spell</span> your last name?</html>',NULL,'<html>Billy, your dictation isn’t very good. You <span style="color:red;">spelt</span> most words wrong.</html>',NULL,'<html>I have a foreign name so I <span style="color:red;">have</span> just <span style="color:red;">spell</span> it.</html>',NULL,230,NULL);
INSERT INTO "Verbs" VALUES('spend',NULL,'spent',NULL,'spent','тратить',NULL,'<html>We’<span style="color:red;">re going to spend</span> our vacation in the Caribbean next year.</html>',NULL,'<html>Mrs. Wayne <span style="color:red;">spent</span> a fortune on a fur coat.</html>',NULL,'<html>Joe <span style="color:red;">has spent</span> all his savings and now he’s penniless.</html>',NULL,231,NULL);
INSERT INTO "Verbs" VALUES('spill',NULL,'spilt; spilled',NULL,'spilt; spilled','пролить',NULL,'<html>Steve accidentally pushed Mary’s arm and made Mary <span style="color:red;">spill</span> her coffee.</html>',NULL,'<html>The tanker <span style="color:red;">spilled</span> many gallons of oil into the ocean.</html>',NULL,'<html>I <span style="color:red;">have spilt</span> all my water.</html>',NULL,232,NULL);
INSERT INTO "Verbs" VALUES('spin',NULL,'spun; span',NULL,'spun','прясть',NULL,'<html>The clothes <span style="color:red;">are spinning</span> inside the washing machine.</html>',NULL,'<html>A spider <span style="color:red;">spun</span> a web in the corner of the room.</html>',NULL,'<html>The croupier <span style="color:red;">has</span> just <span style="color:red;">spun</span> the roulette wheel.</html>',NULL,233,NULL);
INSERT INTO "Verbs" VALUES('spit',NULL,'spat; spit',NULL,'spat; spit','плевать',NULL,'<html>The boxer <span style="color:red;">was spitting</span> blood after receiving a terrible blow.</html>',NULL,'<html>Football hooligans <span style="color:red;">spat</span> at policemen outside the stadium.</html>',NULL,'<html>The man <span style="color:red;">has spat</span> on the ground.</html>',NULL,234,NULL);
INSERT INTO "Verbs" VALUES('split',NULL,'split',NULL,'split','расщепить(ся)',NULL,'<html>They share an apartment and <span style="color:red;">split</span> the rent and all the bills.</html>',NULL,'<html>The coach <span style="color:red;">split</span> the players into two teams.</html>',NULL,'<html>The profits <span style="color:red;">were split</span> equally between the two partners.</html>',NULL,235,NULL);
INSERT INTO "Verbs" VALUES('spoil',NULL,'spoilt; spoiled',NULL,'spoilt; spoiled','портить',NULL,'<html>The Masons <span style="color:red;">spoil</span> their child by giving her whatever she wants.</html>',NULL,'<html>You <span style="color:red;">spoiled</span> the fish because you left it outside the fridge.</html>',NULL,'<html>A sudden thunderstorm <span style="color:red;">has spoilt</span> our picnic.</html>',NULL,236,NULL);
INSERT INTO "Verbs" VALUES('spread',NULL,'spread',NULL,'spread','распространиться',NULL,'<html>That terrible disease <span style="color:red;">is spreading</span> very quickly.</html>',NULL,'<html>The eagle <span style="color:red;">spread</span> its wings and flew away.</html>',NULL,'<html>She <span style="color:red;">had spread</span> her towel on the sand and was laying on it.</html>',NULL,238,NULL);
INSERT INTO "Verbs" VALUES('spring',NULL,'sprang',NULL,'sprung','вскочить; возникнуть',NULL,'<html>When they heard the whistle, the soldiers <span style="color:red;">sprang out</span> of their tents.</html>',NULL,'<html>Tears <span style="color:red;">sprang</span> to her eyes after hearing the bad news.</html>',NULL,'<html>The cat <span style="color:red;">has sprung</span> onto the table.</html>',NULL,239,NULL);
INSERT INTO "Verbs" VALUES('stand',NULL,'stood',NULL,'stood','стоять',NULL,'<html>There <span style="color:red;">are</span> three people <span style="color:red;">standing</span> at the bus stop.</html>',NULL,'<html>When the teacher walked in, the pupils <span style="color:red;">stood up</span>.</html>',NULL,'<html>If I have seen further than other men it''s because I <span style="color:red;">have stood</span> on the shoulders of giants.</html>',NULL,240,NULL);
INSERT INTO "Verbs" VALUES('steal',NULL,'stole',NULL,'stolen','украсть',NULL,'<html>I saw a thief <span style="color:red;">stealing</span> that lady’s purse.</html>',NULL,'<html>Somebody <span style="color:red;">stole</span> my wallet on the bus.</html>',NULL,'<html>My bike is not where I left it. It <span style="color:red;">must have been stolen</span>.</html>',NULL,242,NULL);
INSERT INTO "Verbs" VALUES('stick',NULL,'stuck',NULL,'stuck','уколоть; приклеить',NULL,'<html>I <span style="color:red;">need</span> some glue <span style="color:red;">to stick</span> this photograph into our album.</html>',NULL,'<html>The lady <span style="color:red;">stuck</span> a stamp on the envelope and sent it airmail.</html>',NULL,'<html>I<span style="color:red;">have stuck</span> my hands in the cage of the tiger!</html>',NULL,243,NULL);
INSERT INTO "Verbs" VALUES('sting',NULL,'stung',NULL,'stung','ужалить',NULL,'<html>Though it <span style="color:red;">will sting</span>, you have to wash that cut with soap and water.</html>',NULL,'<html>While hiking in a forest, a swarm of bees <span style="color:red;">stung</span> us.</html>',NULL,'<html>The kid <span style="color:red;">was stung</span> on the face by a wasp.</html>',NULL,244,NULL);
INSERT INTO "Verbs" VALUES('stink',NULL,'stank',NULL,'stunk','вонять',NULL,'<html>Polluted water <span style="color:red;">stinks</span>.</html>',NULL,'<html>The tramp was dirty and his breath <span style="color:red;">stank</span> of garlic.</html>',NULL,'<html>The beggar <span style="color:red;">has stank</span>.</html>',NULL,245,NULL);
INSERT INTO "Verbs" VALUES('stride',NULL,'strode',NULL,'stridden','шагать',NULL,'<html>We <span style="color:red;">had to stride</span> all day along the valley looking for a river.</html>',NULL,'<html>Our boss was so furious that <span style="color:red;">strode</span> in the office shouting.</html>',NULL,'<html>She <span style="color:red;">has stridden</span>forward along the right direction.</html>',NULL,247,NULL);
INSERT INTO "Verbs" VALUES('strike',NULL,'struck',NULL,'struck','ударить; бить; бастовать',NULL,'<html>Whenever he plays bowling, he <span style="color:red;">strikes</span> all the pins down.</html>',NULL,'<html>The ship <span style="color:red;">struck</span> an iceberg and sank.</html>',NULL,'<html>The clock <span style="color:red;">has</span> just <span style="color:red;">struck</span> midnight.</html>',NULL,248,NULL);
INSERT INTO "Verbs" VALUES('string',NULL,'strung',NULL,'strung','нанизать; натянуть',NULL,'<html>I <span style="color:red;">will string</span> these beads on a silver thread.</html>',NULL,'<html>We <span style="color:red;">strung</span> lights up in the Christmas tree yesterday.</html>',NULL,'<html>The chain she wore <span style="color:red;">was strung</span> with charms.</html>',NULL,249,NULL);
INSERT INTO "Verbs" VALUES('strive',NULL,'strove',NULL,'striven','стараться',NULL,'<html>News programs <span style="color:red;">strive</span> to be the first to break the news.</html>',NULL,'<html>The jury <span style="color:red;">strove</span> to return a verdict that was unbiased.</html>',NULL,'<html>I <span style="color:red;">am striven</span> to get a good grade.</html>',NULL,250,NULL);
INSERT INTO "Verbs" VALUES('swear',NULL,'swore',NULL,'sworn','(по)клясться; присягнуть',NULL,'<html>I <span style="color:red;">swear</span> to God that I am telling the truth.</html>',NULL,'<html>Ralph <span style="color:red;">swore</span> that he would keep his promise.</html>',NULL,'<html>The boy <span style="color:red;">has sworn</span> vengeance against the men who murdered his mother.</html>',NULL,252,NULL);
INSERT INTO "Verbs" VALUES('sweep',NULL,'swept',NULL,'swept','мести; промчаться',NULL,'<html>In fall, I <span style="color:red;">have to sweep</span> the dead leaves every day.</html>',NULL,'<html>I <span style="color:red;">swept</span> my room yesterday.</html>',NULL,'<html>The sweeper <span style="color:red;">hasn’t swept</span> our street yet.</html>',NULL,253,NULL);
INSERT INTO "Verbs" VALUES('swell',NULL,'swelled',NULL,'swollen; swelled','вздуться',NULL,'<html>The curtains <span style="color:red;">are swelling</span> in the breeze.</html>',NULL,'<html>His leg <span style="color:red;">swelled</span> where the scorpion had stung him.</html>',NULL,'<html>The saleslady was standing the whole day so her feet <span style="color:red;">got swollen</span>.</html>',NULL,254,NULL);
INSERT INTO "Verbs" VALUES('swim',NULL,'swam',NULL,'swum','плыть',NULL,'<html>Betsy won’t get into the water because she <span style="color:red;">can’t swim</span>.</html>',NULL,'<html>The sailor jumped from the boat and <span style="color:red;">swam</span> to the shore.</html>',NULL,'<html>The dogs <span style="color:red;">have</span>already<span style="color:red;">swum.</span></html>',NULL,255,NULL);
INSERT INTO "Verbs" VALUES('swing',NULL,'swung',NULL,'swung','качаться',NULL,'<html>The girl sat on a stool <span style="color:red;">swinging</span> her legs.</html>',NULL,'<html>The tennis player <span style="color:red;">swung</span> the racket to hit the ball.</html>',NULL,'<html>The door <span style="color:red;">has swung</span>to within an inch of closing.</html>',NULL,256,NULL);
INSERT INTO "Verbs" VALUES('take',NULL,'took',NULL,'taken','взять; брать',NULL,'<html><span style="color:red;">Take</span> this dessert over to your grandmother’s.</html>',NULL,'<html>Sarah was playing with a sharp knife so I <span style="color:red;">took</span> it away from her.</html>',NULL,'<html>The child <span style="color:red;">was taken</span> to see his mother in hospital.</html>',NULL,257,NULL);
INSERT INTO "Verbs" VALUES('teach',NULL,'taught',NULL,'taught','учить',NULL,'<html>Mrs. Collins <span style="color:red;">teaches</span> biology at my school.</html>',NULL,'<html>His father <span style="color:red;">taught</span> Daniel how to swim.</html>',NULL,'<html>She <span style="color:red;">has taught</span> English for many years.</html>',NULL,258,NULL);
INSERT INTO "Verbs" VALUES('tear',NULL,'tore',NULL,'torn','рвать',NULL,'<html>After reading a letter, Henry usually <span style="color:red;">tears</span> it into pieces.</html>',NULL,'<html>I accidentally <span style="color:red;">tore</span> the fabric of my pants.</html>',NULL,'<html>The student <span style="color:red;">has</span> just <span style="color:red;">torn</span> a sheet of paper from his notebook.</html>',NULL,259,NULL);
INSERT INTO "Verbs" VALUES('tell',NULL,'told',NULL,'told','рассказывать; сказать',NULL,'<html>People don’t believe him for he’<span style="color:red;">s</span> always <span style="color:red;">telling</span> lies.</html>',NULL,'<html>The kindergarten teacher <span style="color:red;">told</span> the kids a beautiful story.</html>',NULL,'<html><span style="color:red;">Have</span> I <span style="color:red;">told</span> you that Harold is getting married?</html>',NULL,260,NULL);
INSERT INTO "Verbs" VALUES('think',NULL,'thought',NULL,'thought','думать',NULL,'<html>What <span style="color:red;">do</span> you <span style="color:red;">think</span> of this book? Do you like it?</html>',NULL,'<html>She <span style="color:red;">thought</span> for a moment but couldn’t solve the problem.</html>',NULL,'<html><span style="color:red;">Have</span> you just <span style="color:red;">thought</span> of a creative idea?</html>',NULL,261,NULL);
INSERT INTO "Verbs" VALUES('thrive',NULL,'throve; trived',NULL,'thriven; trived','процветать',NULL,'<html>New restaurants <span style="color:red;">thrive</span> in this trendy neighborhood.</html>',NULL,'<html>His company <span style="color:red;">throve</span> and became the biggest in the country.</html>',NULL,'<html>Few animals <span style="color:red;">have</span> ever <span style="color:red;">thriven</span> in captivity.</html>',NULL,262,NULL);
INSERT INTO "Verbs" VALUES('throw',NULL,'threw',NULL,'thrown','бросить',NULL,'<html>Simon, <span style="color:red;">throw</span> me the ball and I’ll catch it.</html>',NULL,'<html>The tourists <span style="color:red;">threw</span> litter on the park.</html>',NULL,'<html>Freddy was in hospital because a hooligan <span style="color:red;">had thrown</span> a stone at him.</html>',NULL,263,NULL);
INSERT INTO "Verbs" VALUES('thrust',NULL,'thrust',NULL,'thrust','толкнуть; сунуть',NULL,'<html>My classmate always<span style="color:red;">thrusts</span> books at me.</html>',NULL,'<html>The mailman <span style="color:red;">thrust</span> a packet into my arms and left.</html>',NULL,'<html>The soldier <span style="color:red;">has thrust</span> a knife into his enemy.</html>',NULL,264,NULL);
INSERT INTO "Verbs" VALUES('tread',NULL,'trod',NULL,'trod; trodden','ступать',NULL,'<html>The fishermen <span style="color:red;">were treading</span> carefully on the coral reef.</html>',NULL,'<html>You <span style="color:red;">trod</span> on my foot</html>!',NULL,'<html>Many people <span style="color:red;">had trodden</span> this path before.</html>',NULL,265,NULL);
INSERT INTO "Verbs" VALUES('undergo',NULL,'underwent',NULL,'undergone','проходить; подвергаться',NULL,'<html>Jim <span style="color:red;">is undergoing</span> psychotherapy.</html>',NULL,'<html>The patient <span style="color:red;">underwent</span> some tests before the surgery.</html>',NULL,'<html>That old historical building <span style="color:red;">has undergone</span> several repairs.</html>',NULL,269,NULL);
INSERT INTO "Verbs" VALUES('understand',NULL,'understood',NULL,'understood','понимать',NULL,'<html>I read the instructions but <span style="color:red;">couldn’t understand</span> them.</html>',NULL,'<html>His girlfriend <span style="color:red;">understood</span> what he was trying to say.</html>',NULL,'<html>You use this when you think you understand something, and you want to make sure that you <span style="color:red;">have understood</span> correctly.</html>',NULL,273,NULL);
INSERT INTO "Verbs" VALUES('undertake',NULL,'undertook',NULL,'undertaken','предпринять',NULL,'<html><span style="color:red;">Will</span> you <span style="color:red;">undertake</span> this task while I am away on a trip?</html>',NULL,'<html>Our boss <span style="color:red;">undertook</span> a very ambitious project.</html>',NULL,'<html>The police <span style="color:red;">have undertaken</span> full investigation into the murder.</html>',NULL,274,NULL);
INSERT INTO "Verbs" VALUES('upset',NULL,'upset',NULL,'upset','опрокинуть(ся)',NULL,'<html>Eating fried food <span style="color:red;">upsets</span> my stomach.</html>',NULL,'<html>Vivian got there two hours late and <span style="color:red;">upset</span> all our plans.</html>',NULL,'<html>The government’s decision to freeze wages <span style="color:red;">has upset</span> many people.</html>',NULL,281,NULL);
INSERT INTO "Verbs" VALUES('wake',NULL,'woke',NULL,'woken','просыпаться; будить',NULL,'<html>What time <span style="color:red;">does</span> she <span style="color:red;">wake up</span> in the morning?</html>',NULL,'<html>I <span style="color:red;">woke up</span> late and missed the flight.</html>',NULL,'<html>We <span style="color:red;">were woken up</span> by a loud noise.</html>',NULL,282,NULL);
INSERT INTO "Verbs" VALUES('wear',NULL,'wore',NULL,'worn','носить(одежду)',NULL,'<html>The rug <span style="color:red;">is starting to wear</span>.</html>',NULL,'<html>Mr. Sim <span style="color:red;">wore</span> a suit and tie for work.</html>',NULL,'<html>The rocks <span style="color:red;">have been worn</span> smooth by the tide.</html>',NULL,284,NULL);
INSERT INTO "Verbs" VALUES('weave',NULL,'wove; weaved',NULL,'woven; weaved','ткать',NULL,'<html>My sister-in-law <span style="color:red;">weaves</span> shawls with a loom.</html>',NULL,'<html>The Hawaiian girl <span style="color:red;">wove</span> flowers into a garland.</html>',NULL,'<html>This tapestry <span style="color:red;">has been woven</span> by a famous artist.</html>',NULL,285,NULL);
INSERT INTO "Verbs" VALUES('wed',NULL,'wed; wedded',NULL,'wed; wedded','выдавать замуж',NULL,'<html>By the end of spring the king <span style="color:red;">will wed</span> his daughter.</html>',NULL,'<html>That actor <span style="color:red;">wedded</span> a famous top model.</html>',NULL,'<html>Ralph and Elizabeth <span style="color:red;">were wedded</span> in a cathedral.</html>',NULL,286,NULL);
INSERT INTO "Verbs" VALUES('weep',NULL,'wept',NULL,'wept','плакать',NULL,'<html>The film was so sad that <span style="color:red;">made</span> us <span style="color:red;">weep</span>.</html>',NULL,'<html>My daughter fell down and <span style="color:red;">wept</span> for hours.</html>',NULL,'<html>I <span style="color:red;">have wept</span> for 1 hour because I am so sad.</html>',NULL,287,NULL);
INSERT INTO "Verbs" VALUES('wet',NULL,'wet; wetted',NULL,'wet; wetted','мочить; увлажнять',NULL,'<html>The player <span style="color:red;">will wet</span> his head before running into the soccer field.</html>',NULL,'<html>My son had a high fever so I <span style="color:red;">wet</span> his forehead.</html>',NULL,'<html>The hairdresser <span style="color:red;">has wetted</span> the comb.</html>',NULL,288,NULL);
INSERT INTO "Verbs" VALUES('win',NULL,'won',NULL,'won','выиграть',NULL,'<html>Do you think our team <span style="color:red;">will win</span> the World Cup?</html>',NULL,'<html>Eugene O’Neill <span style="color:red;">won</span> the Nobel Prize for Literature in 1936.</html>',NULL,'<html><span style="color:red;">Have</span> I <span style="color:red;">won</span> a prize?</html>',NULL,289,NULL);
INSERT INTO "Verbs" VALUES('wind',NULL,'wound',NULL,'wound','заводить (механизм)',NULL,'<html>My grandfather <span style="color:red;">winds</span> his watch every day.</html>',NULL,'<html>The river <span style="color:red;">wound</span> its way between the hills.</html>',NULL,'<html>I <span style="color:red;">have wound</span> a bandage around my injured arm.</html>',NULL,290,NULL);
INSERT INTO "Verbs" VALUES('withdraw',NULL,'withdrew',NULL,'withdrawn','взять назад; отозвать',NULL,'<html>The general ordered his <span style="color:red;">troops to withdraw</span> from the battlefield.</html>',NULL,'<html>Richard <span style="color:red;">withdrew</span> $200 from the ATM.</html>',NULL,'<html>The participant who cheated <span style="color:red;">was withdrawn</span> from the contest.</html>',NULL,291,NULL);
INSERT INTO "Verbs" VALUES('withhold',NULL,'withheld',NULL,'withheld','удерживать',NULL,'<html>I <span style="color:red;">will withhold</span> your fees until the work is finished.</html>',NULL,'<html>The witness <span style="color:red;">withheld</span> crucial information from the police.</html>',NULL,'<html>She couldn’t continue her trip because her passport <span style="color:red;">had been withheld</span>.</html>',NULL,292,NULL);
INSERT INTO "Verbs" VALUES('withstand',NULL,'withstood',NULL,'withstood','противиться',NULL,'<html>These pillars <span style="color:red;">will withstand</span> the heavy roof.</html>',NULL,'<html>She <span style="color:red;">withstood</span> the temptation to go to the party.</html>',NULL,'<html>She <span style="color:red;">has withstood</span> so much!</html>',NULL,293,NULL);
INSERT INTO "Verbs" VALUES('wring',NULL,'wrung',NULL,'wrung','скрутить; сжать',NULL,'<html>You looked so mad that I thought you <span style="color:red;">were going to wring</span> his neck.</html>',NULL,'<html>The maid washed the shirt and <span style="color:red;">wrung</span> it carefully.</html>',NULL,'<html>The man <span style="color:red;">has wrung</span> his hands.</html>',NULL,294,NULL);
INSERT INTO "Verbs" VALUES('write',NULL,'wrote',NULL,'written','писать',NULL,'<html>Children usually <span style="color:red;">learn to</span> read and <span style="color:red;">write</span> at the age of six.</html>',NULL,'<html>William Shakespeare <span style="color:red;">wrote</span> plays and sonnets.</html>',NULL,'<html>My sister <span style="color:red;">hasn’t written</span> a letter to granny in ages.</html>',NULL,295,NULL);
CREATE TABLE "Verb_Category_Default"(
[ID] int UNIQUE
,[ID_Verb] int
,[ID_Category] int
,[Closed] bit DEFAULT 0
,[RightAnswers] int DEFAULT 0
,[StudyLevel] int DEFAULT 0
,[ShowCount] int DEFAULT 0
, Primary Key(ID)   
);
INSERT INTO "Verb_Category_Default" VALUES(1,6,1,0,0,0,0);
INSERT INTO "Verb_Category_Default" VALUES(2,9,1,0,0,0,0);
INSERT INTO "Verb_Category_Default" VALUES(3,12,1,0,0,0,0);
INSERT INTO "Verb_Category_Default" VALUES(4,32,1,0,0,0,0);
INSERT INTO "Verb_Category_Default" VALUES(5,35,1,0,0,0,0);
INSERT INTO "Verb_Category_Default" VALUES(6,39,1,0,0,0,0);
INSERT INTO "Verb_Category_Default" VALUES(7,42,1,0,0,0,0);
INSERT INTO "Verb_Category_Default" VALUES(8,44,1,0,0,0,0);
INSERT INTO "Verb_Category_Default" VALUES(9,47,1,0,0,0,0);
INSERT INTO "Verb_Category_Default" VALUES(10,48,1,0,0,0,0);
INSERT INTO "Verb_Category_Default" VALUES(11,52,1,0,0,0,0);
INSERT INTO "Verb_Category_Default" VALUES(12,57,1,0,0,0,0);
INSERT INTO "Verb_Category_Default" VALUES(13,58,1,0,0,0,0);
INSERT INTO "Verb_Category_Default" VALUES(14,60,1,0,0,0,0);
INSERT INTO "Verb_Category_Default" VALUES(15,61,1,0,0,0,0);
INSERT INTO "Verb_Category_Default" VALUES(16,63,1,0,0,0,0);
INSERT INTO "Verb_Category_Default" VALUES(17,64,1,0,0,0,0);
INSERT INTO "Verb_Category_Default" VALUES(18,65,1,0,0,0,0);
INSERT INTO "Verb_Category_Default" VALUES(19,66,1,0,0,0,0);
INSERT INTO "Verb_Category_Default" VALUES(20,67,1,0,0,0,0);
INSERT INTO "Verb_Category_Default" VALUES(21,68,1,0,0,0,0);
INSERT INTO "Verb_Category_Default" VALUES(22,73,1,0,0,0,0);
INSERT INTO "Verb_Category_Default" VALUES(23,79,1,0,0,0,0);
INSERT INTO "Verb_Category_Default" VALUES(24,85,1,0,0,0,0);
INSERT INTO "Verb_Category_Default" VALUES(25,88,1,0,0,0,0);
INSERT INTO "Verb_Category_Default" VALUES(26,89,1,0,0,0,0);
INSERT INTO "Verb_Category_Default" VALUES(27,95,1,0,0,0,0);
INSERT INTO "Verb_Category_Default" VALUES(28,96,1,0,0,0,0);
INSERT INTO "Verb_Category_Default" VALUES(29,107,1,0,0,0,0);
INSERT INTO "Verb_Category_Default" VALUES(30,111,1,0,0,0,0);
INSERT INTO "Verb_Category_Default" VALUES(31,117,1,0,0,0,0);
INSERT INTO "Verb_Category_Default" VALUES(32,118,1,0,0,0,0);
INSERT INTO "Verb_Category_Default" VALUES(33,120,1,0,0,0,0);
INSERT INTO "Verb_Category_Default" VALUES(34,123,1,0,0,0,0);
INSERT INTO "Verb_Category_Default" VALUES(35,124,1,0,0,0,0);
INSERT INTO "Verb_Category_Default" VALUES(36,126,1,0,0,0,0);
INSERT INTO "Verb_Category_Default" VALUES(37,127,1,0,0,0,0);
INSERT INTO "Verb_Category_Default" VALUES(38,168,1,0,0,0,0);
INSERT INTO "Verb_Category_Default" VALUES(39,172,1,0,0,0,0);
INSERT INTO "Verb_Category_Default" VALUES(40,174,1,0,0,0,0);
INSERT INTO "Verb_Category_Default" VALUES(41,192,1,0,0,0,0);
INSERT INTO "Verb_Category_Default" VALUES(42,195,1,0,0,0,0);
INSERT INTO "Verb_Category_Default" VALUES(43,197,1,0,0,0,0);
INSERT INTO "Verb_Category_Default" VALUES(44,198,1,0,0,0,0);
INSERT INTO "Verb_Category_Default" VALUES(45,200,1,0,0,0,0);
INSERT INTO "Verb_Category_Default" VALUES(46,201,1,0,0,0,0);
INSERT INTO "Verb_Category_Default" VALUES(47,211,1,0,0,0,0);
INSERT INTO "Verb_Category_Default" VALUES(48,215,1,0,0,0,0);
INSERT INTO "Verb_Category_Default" VALUES(49,218,1,0,0,0,0);
INSERT INTO "Verb_Category_Default" VALUES(50,220,1,0,0,0,0);
INSERT INTO "Verb_Category_Default" VALUES(51,228,1,0,0,0,0);
INSERT INTO "Verb_Category_Default" VALUES(52,231,1,0,0,0,0);
INSERT INTO "Verb_Category_Default" VALUES(53,240,1,0,0,0,0);
INSERT INTO "Verb_Category_Default" VALUES(54,242,1,0,0,0,0);
INSERT INTO "Verb_Category_Default" VALUES(55,255,1,0,0,0,0);
INSERT INTO "Verb_Category_Default" VALUES(56,257,1,0,0,0,0);
INSERT INTO "Verb_Category_Default" VALUES(57,258,1,0,0,0,0);
INSERT INTO "Verb_Category_Default" VALUES(58,260,1,0,0,0,0);
INSERT INTO "Verb_Category_Default" VALUES(59,261,1,0,0,0,0);
INSERT INTO "Verb_Category_Default" VALUES(60,273,1,0,0,0,0);
INSERT INTO "Verb_Category_Default" VALUES(61,282,1,0,0,0,0);
INSERT INTO "Verb_Category_Default" VALUES(62,284,1,0,0,0,0);
INSERT INTO "Verb_Category_Default" VALUES(63,289,1,0,0,0,0);
INSERT INTO "Verb_Category_Default" VALUES(64,295,1,0,0,0,0);
INSERT INTO "Verb_Category_Default" VALUES(65,6,2,0,0,0,0);
INSERT INTO "Verb_Category_Default" VALUES(66,8,2,0,0,0,0);
INSERT INTO "Verb_Category_Default" VALUES(67,9,2,0,0,0,0);
INSERT INTO "Verb_Category_Default" VALUES(68,12,2,0,0,0,0);
INSERT INTO "Verb_Category_Default" VALUES(69,30,2,0,0,0,0);
INSERT INTO "Verb_Category_Default" VALUES(70,32,2,0,0,0,0);
INSERT INTO "Verb_Category_Default" VALUES(71,35,2,0,0,0,0);
INSERT INTO "Verb_Category_Default" VALUES(72,36,2,0,0,0,0);
INSERT INTO "Verb_Category_Default" VALUES(73,39,2,0,0,0,0);
INSERT INTO "Verb_Category_Default" VALUES(74,40,2,0,0,0,0);
INSERT INTO "Verb_Category_Default" VALUES(75,42,2,0,0,0,0);
INSERT INTO "Verb_Category_Default" VALUES(76,44,2,0,0,0,0);
INSERT INTO "Verb_Category_Default" VALUES(77,47,2,0,0,0,0);
INSERT INTO "Verb_Category_Default" VALUES(78,48,2,0,0,0,0);
INSERT INTO "Verb_Category_Default" VALUES(79,52,2,0,0,0,0);
INSERT INTO "Verb_Category_Default" VALUES(80,57,2,0,0,0,0);
INSERT INTO "Verb_Category_Default" VALUES(81,58,2,0,0,0,0);
INSERT INTO "Verb_Category_Default" VALUES(82,59,2,0,0,0,0);
INSERT INTO "Verb_Category_Default" VALUES(83,60,2,0,0,0,0);
INSERT INTO "Verb_Category_Default" VALUES(84,61,2,0,0,0,0);
INSERT INTO "Verb_Category_Default" VALUES(85,63,2,0,0,0,0);
INSERT INTO "Verb_Category_Default" VALUES(86,64,2,0,0,0,0);
INSERT INTO "Verb_Category_Default" VALUES(87,65,2,0,0,0,0);
INSERT INTO "Verb_Category_Default" VALUES(88,66,2,0,0,0,0);
INSERT INTO "Verb_Category_Default" VALUES(89,67,2,0,0,0,0);
INSERT INTO "Verb_Category_Default" VALUES(90,68,2,0,0,0,0);
INSERT INTO "Verb_Category_Default" VALUES(91,73,2,0,0,0,0);
INSERT INTO "Verb_Category_Default" VALUES(92,79,2,0,0,0,0);
INSERT INTO "Verb_Category_Default" VALUES(93,85,2,0,0,0,0);
INSERT INTO "Verb_Category_Default" VALUES(94,88,2,0,0,0,0);
INSERT INTO "Verb_Category_Default" VALUES(95,89,2,0,0,0,0);
INSERT INTO "Verb_Category_Default" VALUES(96,95,2,0,0,0,0);
INSERT INTO "Verb_Category_Default" VALUES(97,96,2,0,0,0,0);
INSERT INTO "Verb_Category_Default" VALUES(98,99,2,0,0,0,0);
INSERT INTO "Verb_Category_Default" VALUES(99,100,2,0,0,0,0);
INSERT INTO "Verb_Category_Default" VALUES(100,102,2,0,0,0,0);
INSERT INTO "Verb_Category_Default" VALUES(101,107,2,0,0,0,0);
INSERT INTO "Verb_Category_Default" VALUES(102,111,2,0,0,0,0);
INSERT INTO "Verb_Category_Default" VALUES(103,114,2,0,0,0,0);
INSERT INTO "Verb_Category_Default" VALUES(104,117,2,0,0,0,0);
INSERT INTO "Verb_Category_Default" VALUES(105,118,2,0,0,0,0);
INSERT INTO "Verb_Category_Default" VALUES(106,119,2,0,0,0,0);
INSERT INTO "Verb_Category_Default" VALUES(107,120,2,0,0,0,0);
INSERT INTO "Verb_Category_Default" VALUES(108,121,2,0,0,0,0);
INSERT INTO "Verb_Category_Default" VALUES(109,122,2,0,0,0,0);
INSERT INTO "Verb_Category_Default" VALUES(110,123,2,0,0,0,0);
INSERT INTO "Verb_Category_Default" VALUES(111,124,2,0,0,0,0);
INSERT INTO "Verb_Category_Default" VALUES(112,126,2,0,0,0,0);
INSERT INTO "Verb_Category_Default" VALUES(113,127,2,0,0,0,0);
INSERT INTO "Verb_Category_Default" VALUES(114,141,2,0,0,0,0);
INSERT INTO "Verb_Category_Default" VALUES(115,168,2,0,0,0,0);
INSERT INTO "Verb_Category_Default" VALUES(116,172,2,0,0,0,0);
INSERT INTO "Verb_Category_Default" VALUES(117,174,2,0,0,0,0);
INSERT INTO "Verb_Category_Default" VALUES(118,192,2,0,0,0,0);
INSERT INTO "Verb_Category_Default" VALUES(119,195,2,0,0,0,0);
INSERT INTO "Verb_Category_Default" VALUES(120,197,2,0,0,0,0);
INSERT INTO "Verb_Category_Default" VALUES(121,198,2,0,0,0,0);
INSERT INTO "Verb_Category_Default" VALUES(122,200,2,0,0,0,0);
INSERT INTO "Verb_Category_Default" VALUES(123,201,2,0,0,0,0);
INSERT INTO "Verb_Category_Default" VALUES(124,202,2,0,0,0,0);
INSERT INTO "Verb_Category_Default" VALUES(125,210,2,0,0,0,0);
INSERT INTO "Verb_Category_Default" VALUES(126,211,2,0,0,0,0);
INSERT INTO "Verb_Category_Default" VALUES(127,215,2,0,0,0,0);
INSERT INTO "Verb_Category_Default" VALUES(128,216,2,0,0,0,0);
INSERT INTO "Verb_Category_Default" VALUES(129,218,2,0,0,0,0);
INSERT INTO "Verb_Category_Default" VALUES(130,220,2,0,0,0,0);
INSERT INTO "Verb_Category_Default" VALUES(131,225,2,0,0,0,0);
INSERT INTO "Verb_Category_Default" VALUES(132,228,2,0,0,0,0);
INSERT INTO "Verb_Category_Default" VALUES(133,231,2,0,0,0,0);
INSERT INTO "Verb_Category_Default" VALUES(134,232,2,0,0,0,0);
INSERT INTO "Verb_Category_Default" VALUES(135,240,2,0,0,0,0);
INSERT INTO "Verb_Category_Default" VALUES(136,242,2,0,0,0,0);
INSERT INTO "Verb_Category_Default" VALUES(137,255,2,0,0,0,0);
INSERT INTO "Verb_Category_Default" VALUES(138,257,2,0,0,0,0);
INSERT INTO "Verb_Category_Default" VALUES(139,258,2,0,0,0,0);
INSERT INTO "Verb_Category_Default" VALUES(140,260,2,0,0,0,0);
INSERT INTO "Verb_Category_Default" VALUES(141,261,2,0,0,0,0);
INSERT INTO "Verb_Category_Default" VALUES(142,273,2,0,0,0,0);
INSERT INTO "Verb_Category_Default" VALUES(143,282,2,0,0,0,0);
INSERT INTO "Verb_Category_Default" VALUES(144,284,2,0,0,0,0);
INSERT INTO "Verb_Category_Default" VALUES(145,289,2,0,0,0,0);
INSERT INTO "Verb_Category_Default" VALUES(146,295,2,0,0,0,0);
INSERT INTO "Verb_Category_Default" VALUES(147,6,3,0,0,0,0);
INSERT INTO "Verb_Category_Default" VALUES(148,8,3,0,0,0,0);
INSERT INTO "Verb_Category_Default" VALUES(149,9,3,0,0,0,0);
INSERT INTO "Verb_Category_Default" VALUES(150,12,3,0,0,0,0);
INSERT INTO "Verb_Category_Default" VALUES(151,15,3,0,0,0,0);
INSERT INTO "Verb_Category_Default" VALUES(152,26,3,0,0,0,0);
INSERT INTO "Verb_Category_Default" VALUES(153,29,3,0,0,0,0);
INSERT INTO "Verb_Category_Default" VALUES(154,30,3,0,0,0,0);
INSERT INTO "Verb_Category_Default" VALUES(155,32,3,0,0,0,0);
INSERT INTO "Verb_Category_Default" VALUES(156,35,3,0,0,0,0);
INSERT INTO "Verb_Category_Default" VALUES(157,36,3,0,0,0,0);
INSERT INTO "Verb_Category_Default" VALUES(158,37,3,0,0,0,0);
INSERT INTO "Verb_Category_Default" VALUES(159,39,3,0,0,0,0);
INSERT INTO "Verb_Category_Default" VALUES(160,40,3,0,0,0,0);
INSERT INTO "Verb_Category_Default" VALUES(161,42,3,0,0,0,0);
INSERT INTO "Verb_Category_Default" VALUES(162,44,3,0,0,0,0);
INSERT INTO "Verb_Category_Default" VALUES(163,47,3,0,0,0,0);
INSERT INTO "Verb_Category_Default" VALUES(164,48,3,0,0,0,0);
INSERT INTO "Verb_Category_Default" VALUES(165,52,3,0,0,0,0);
INSERT INTO "Verb_Category_Default" VALUES(166,55,3,0,0,0,0);
INSERT INTO "Verb_Category_Default" VALUES(167,57,3,0,0,0,0);
INSERT INTO "Verb_Category_Default" VALUES(168,58,3,0,0,0,0);
INSERT INTO "Verb_Category_Default" VALUES(169,59,3,0,0,0,0);
INSERT INTO "Verb_Category_Default" VALUES(170,60,3,0,0,0,0);
INSERT INTO "Verb_Category_Default" VALUES(171,61,3,0,0,0,0);
INSERT INTO "Verb_Category_Default" VALUES(172,63,3,0,0,0,0);
INSERT INTO "Verb_Category_Default" VALUES(173,64,3,0,0,0,0);
INSERT INTO "Verb_Category_Default" VALUES(174,65,3,0,0,0,0);
INSERT INTO "Verb_Category_Default" VALUES(175,66,3,0,0,0,0);
INSERT INTO "Verb_Category_Default" VALUES(176,67,3,0,0,0,0);
INSERT INTO "Verb_Category_Default" VALUES(177,68,3,0,0,0,0);
INSERT INTO "Verb_Category_Default" VALUES(178,73,3,0,0,0,0);
INSERT INTO "Verb_Category_Default" VALUES(179,79,3,0,0,0,0);
INSERT INTO "Verb_Category_Default" VALUES(180,80,3,0,0,0,0);
INSERT INTO "Verb_Category_Default" VALUES(181,83,3,0,0,0,0);
INSERT INTO "Verb_Category_Default" VALUES(182,85,3,0,0,0,0);
INSERT INTO "Verb_Category_Default" VALUES(183,88,3,0,0,0,0);
INSERT INTO "Verb_Category_Default" VALUES(184,89,3,0,0,0,0);
INSERT INTO "Verb_Category_Default" VALUES(185,92,3,0,0,0,0);
INSERT INTO "Verb_Category_Default" VALUES(186,94,3,0,0,0,0);
INSERT INTO "Verb_Category_Default" VALUES(187,95,3,0,0,0,0);
INSERT INTO "Verb_Category_Default" VALUES(188,96,3,0,0,0,0);
INSERT INTO "Verb_Category_Default" VALUES(189,99,3,0,0,0,0);
INSERT INTO "Verb_Category_Default" VALUES(190,100,3,0,0,0,0);
INSERT INTO "Verb_Category_Default" VALUES(191,101,3,0,0,0,0);
INSERT INTO "Verb_Category_Default" VALUES(192,102,3,0,0,0,0);
INSERT INTO "Verb_Category_Default" VALUES(193,107,3,0,0,0,0);
INSERT INTO "Verb_Category_Default" VALUES(194,109,3,0,0,0,0);
INSERT INTO "Verb_Category_Default" VALUES(195,111,3,0,0,0,0);
INSERT INTO "Verb_Category_Default" VALUES(196,113,3,0,0,0,0);
INSERT INTO "Verb_Category_Default" VALUES(197,114,3,0,0,0,0);
INSERT INTO "Verb_Category_Default" VALUES(198,117,3,0,0,0,0);
INSERT INTO "Verb_Category_Default" VALUES(199,118,3,0,0,0,0);
INSERT INTO "Verb_Category_Default" VALUES(200,119,3,0,0,0,0);
INSERT INTO "Verb_Category_Default" VALUES(201,120,3,0,0,0,0);
INSERT INTO "Verb_Category_Default" VALUES(202,121,3,0,0,0,0);
INSERT INTO "Verb_Category_Default" VALUES(203,122,3,0,0,0,0);
INSERT INTO "Verb_Category_Default" VALUES(204,123,3,0,0,0,0);
INSERT INTO "Verb_Category_Default" VALUES(205,124,3,0,0,0,0);
INSERT INTO "Verb_Category_Default" VALUES(206,126,3,0,0,0,0);
INSERT INTO "Verb_Category_Default" VALUES(207,127,3,0,0,0,0);
INSERT INTO "Verb_Category_Default" VALUES(208,141,3,0,0,0,0);
INSERT INTO "Verb_Category_Default" VALUES(209,168,3,0,0,0,0);
INSERT INTO "Verb_Category_Default" VALUES(210,172,3,0,0,0,0);
INSERT INTO "Verb_Category_Default" VALUES(211,174,3,0,0,0,0);
INSERT INTO "Verb_Category_Default" VALUES(212,191,3,0,0,0,0);
INSERT INTO "Verb_Category_Default" VALUES(213,192,3,0,0,0,0);
INSERT INTO "Verb_Category_Default" VALUES(214,193,3,0,0,0,0);
INSERT INTO "Verb_Category_Default" VALUES(215,195,3,0,0,0,0);
INSERT INTO "Verb_Category_Default" VALUES(216,197,3,0,0,0,0);
INSERT INTO "Verb_Category_Default" VALUES(217,198,3,0,0,0,0);
INSERT INTO "Verb_Category_Default" VALUES(218,200,3,0,0,0,0);
INSERT INTO "Verb_Category_Default" VALUES(219,201,3,0,0,0,0);
INSERT INTO "Verb_Category_Default" VALUES(220,202,3,0,0,0,0);
INSERT INTO "Verb_Category_Default" VALUES(221,204,3,0,0,0,0);
INSERT INTO "Verb_Category_Default" VALUES(222,208,3,0,0,0,0);
INSERT INTO "Verb_Category_Default" VALUES(223,210,3,0,0,0,0);
INSERT INTO "Verb_Category_Default" VALUES(224,211,3,0,0,0,0);
INSERT INTO "Verb_Category_Default" VALUES(225,215,3,0,0,0,0);
INSERT INTO "Verb_Category_Default" VALUES(226,216,3,0,0,0,0);
INSERT INTO "Verb_Category_Default" VALUES(227,217,3,0,0,0,0);
INSERT INTO "Verb_Category_Default" VALUES(228,218,3,0,0,0,0);
INSERT INTO "Verb_Category_Default" VALUES(229,220,3,0,0,0,0);
INSERT INTO "Verb_Category_Default" VALUES(230,221,3,0,0,0,0);
INSERT INTO "Verb_Category_Default" VALUES(231,225,3,0,0,0,0);
INSERT INTO "Verb_Category_Default" VALUES(232,228,3,0,0,0,0);
INSERT INTO "Verb_Category_Default" VALUES(233,231,3,0,0,0,0);
INSERT INTO "Verb_Category_Default" VALUES(234,232,3,0,0,0,0);
INSERT INTO "Verb_Category_Default" VALUES(235,236,3,0,0,0,0);
INSERT INTO "Verb_Category_Default" VALUES(236,240,3,0,0,0,0);
INSERT INTO "Verb_Category_Default" VALUES(237,242,3,0,0,0,0);
INSERT INTO "Verb_Category_Default" VALUES(238,243,3,0,0,0,0);
INSERT INTO "Verb_Category_Default" VALUES(239,255,3,0,0,0,0);
INSERT INTO "Verb_Category_Default" VALUES(240,257,3,0,0,0,0);
INSERT INTO "Verb_Category_Default" VALUES(241,258,3,0,0,0,0);
INSERT INTO "Verb_Category_Default" VALUES(242,259,3,0,0,0,0);
INSERT INTO "Verb_Category_Default" VALUES(243,260,3,0,0,0,0);
INSERT INTO "Verb_Category_Default" VALUES(244,261,3,0,0,0,0);
INSERT INTO "Verb_Category_Default" VALUES(245,263,3,0,0,0,0);
INSERT INTO "Verb_Category_Default" VALUES(246,273,3,0,0,0,0);
INSERT INTO "Verb_Category_Default" VALUES(247,282,3,0,0,0,0);
INSERT INTO "Verb_Category_Default" VALUES(248,284,3,0,0,0,0);
INSERT INTO "Verb_Category_Default" VALUES(249,289,3,0,0,0,0);
INSERT INTO "Verb_Category_Default" VALUES(250,295,3,0,0,0,0);
INSERT INTO "Verb_Category_Default" VALUES(251,1,4,0,0,0,0);
INSERT INTO "Verb_Category_Default" VALUES(252,2,4,0,0,0,0);
INSERT INTO "Verb_Category_Default" VALUES(253,3,4,0,0,0,0);
INSERT INTO "Verb_Category_Default" VALUES(254,6,4,0,0,0,0);
INSERT INTO "Verb_Category_Default" VALUES(255,7,4,0,0,0,0);
INSERT INTO "Verb_Category_Default" VALUES(256,8,4,0,0,0,0);
INSERT INTO "Verb_Category_Default" VALUES(257,9,4,0,0,0,0);
INSERT INTO "Verb_Category_Default" VALUES(258,12,4,0,0,0,0);
INSERT INTO "Verb_Category_Default" VALUES(259,15,4,0,0,0,0);
INSERT INTO "Verb_Category_Default" VALUES(260,17,4,0,0,0,0);
INSERT INTO "Verb_Category_Default" VALUES(261,22,4,0,0,0,0);
INSERT INTO "Verb_Category_Default" VALUES(262,24,4,0,0,0,0);
INSERT INTO "Verb_Category_Default" VALUES(263,25,4,0,0,0,0);
INSERT INTO "Verb_Category_Default" VALUES(264,26,4,0,0,0,0);
INSERT INTO "Verb_Category_Default" VALUES(265,27,4,0,0,0,0);
INSERT INTO "Verb_Category_Default" VALUES(266,28,4,0,0,0,0);
INSERT INTO "Verb_Category_Default" VALUES(267,29,4,0,0,0,0);
INSERT INTO "Verb_Category_Default" VALUES(268,30,4,0,0,0,0);
INSERT INTO "Verb_Category_Default" VALUES(269,31,4,0,0,0,0);
INSERT INTO "Verb_Category_Default" VALUES(270,32,4,0,0,0,0);
INSERT INTO "Verb_Category_Default" VALUES(271,33,4,0,0,0,0);
INSERT INTO "Verb_Category_Default" VALUES(272,35,4,0,0,0,0);
INSERT INTO "Verb_Category_Default" VALUES(273,36,4,0,0,0,0);
INSERT INTO "Verb_Category_Default" VALUES(274,37,4,0,0,0,0);
INSERT INTO "Verb_Category_Default" VALUES(275,38,4,0,0,0,0);
INSERT INTO "Verb_Category_Default" VALUES(276,39,4,0,0,0,0);
INSERT INTO "Verb_Category_Default" VALUES(277,40,4,0,0,0,0);
INSERT INTO "Verb_Category_Default" VALUES(278,41,4,0,0,0,0);
INSERT INTO "Verb_Category_Default" VALUES(279,42,4,0,0,0,0);
INSERT INTO "Verb_Category_Default" VALUES(280,44,4,0,0,0,0);
INSERT INTO "Verb_Category_Default" VALUES(281,45,4,0,0,0,0);
INSERT INTO "Verb_Category_Default" VALUES(282,46,4,0,0,0,0);
INSERT INTO "Verb_Category_Default" VALUES(283,47,4,0,0,0,0);
INSERT INTO "Verb_Category_Default" VALUES(284,48,4,0,0,0,0);
INSERT INTO "Verb_Category_Default" VALUES(285,50,4,0,0,0,0);
INSERT INTO "Verb_Category_Default" VALUES(287,52,4,0,0,0,0);
INSERT INTO "Verb_Category_Default" VALUES(288,54,4,0,0,0,0);
INSERT INTO "Verb_Category_Default" VALUES(289,55,4,0,0,0,0);
INSERT INTO "Verb_Category_Default" VALUES(290,56,4,0,0,0,0);
INSERT INTO "Verb_Category_Default" VALUES(291,57,4,0,0,0,0);
INSERT INTO "Verb_Category_Default" VALUES(292,58,4,0,0,0,0);
INSERT INTO "Verb_Category_Default" VALUES(293,59,4,0,0,0,0);
INSERT INTO "Verb_Category_Default" VALUES(294,60,4,0,0,0,0);
INSERT INTO "Verb_Category_Default" VALUES(295,61,4,0,0,0,0);
INSERT INTO "Verb_Category_Default" VALUES(296,62,4,0,0,0,0);
INSERT INTO "Verb_Category_Default" VALUES(297,63,4,0,0,0,0);
INSERT INTO "Verb_Category_Default" VALUES(298,64,4,0,0,0,0);
INSERT INTO "Verb_Category_Default" VALUES(299,65,4,0,0,0,0);
INSERT INTO "Verb_Category_Default" VALUES(300,66,4,0,0,0,0);
INSERT INTO "Verb_Category_Default" VALUES(301,67,4,0,0,0,0);
INSERT INTO "Verb_Category_Default" VALUES(302,68,4,0,0,0,0);
INSERT INTO "Verb_Category_Default" VALUES(303,69,4,0,0,0,0);
INSERT INTO "Verb_Category_Default" VALUES(304,70,4,0,0,0,0);
INSERT INTO "Verb_Category_Default" VALUES(305,71,4,0,0,0,0);
INSERT INTO "Verb_Category_Default" VALUES(306,73,4,0,0,0,0);
INSERT INTO "Verb_Category_Default" VALUES(307,75,4,0,0,0,0);
INSERT INTO "Verb_Category_Default" VALUES(308,76,4,0,0,0,0);
INSERT INTO "Verb_Category_Default" VALUES(309,77,4,0,0,0,0);
INSERT INTO "Verb_Category_Default" VALUES(310,78,4,0,0,0,0);
INSERT INTO "Verb_Category_Default" VALUES(311,79,4,0,0,0,0);
INSERT INTO "Verb_Category_Default" VALUES(312,80,4,0,0,0,0);
INSERT INTO "Verb_Category_Default" VALUES(313,81,4,0,0,0,0);
INSERT INTO "Verb_Category_Default" VALUES(314,83,4,0,0,0,0);
INSERT INTO "Verb_Category_Default" VALUES(315,85,4,0,0,0,0);
INSERT INTO "Verb_Category_Default" VALUES(316,86,4,0,0,0,0);
INSERT INTO "Verb_Category_Default" VALUES(317,88,4,0,0,0,0);
INSERT INTO "Verb_Category_Default" VALUES(318,89,4,0,0,0,0);
INSERT INTO "Verb_Category_Default" VALUES(319,90,4,0,0,0,0);
INSERT INTO "Verb_Category_Default" VALUES(320,91,4,0,0,0,0);
INSERT INTO "Verb_Category_Default" VALUES(321,92,4,0,0,0,0);
INSERT INTO "Verb_Category_Default" VALUES(322,94,4,0,0,0,0);
INSERT INTO "Verb_Category_Default" VALUES(323,95,4,0,0,0,0);
INSERT INTO "Verb_Category_Default" VALUES(324,96,4,0,0,0,0);
INSERT INTO "Verb_Category_Default" VALUES(325,99,4,0,0,0,0);
INSERT INTO "Verb_Category_Default" VALUES(326,100,4,0,0,0,0);
INSERT INTO "Verb_Category_Default" VALUES(327,101,4,0,0,0,0);
INSERT INTO "Verb_Category_Default" VALUES(328,102,4,0,0,0,0);
INSERT INTO "Verb_Category_Default" VALUES(329,103,4,0,0,0,0);
INSERT INTO "Verb_Category_Default" VALUES(330,107,4,0,0,0,0);
INSERT INTO "Verb_Category_Default" VALUES(331,109,4,0,0,0,0);
INSERT INTO "Verb_Category_Default" VALUES(332,110,4,0,0,0,0);
INSERT INTO "Verb_Category_Default" VALUES(333,111,4,0,0,0,0);
INSERT INTO "Verb_Category_Default" VALUES(334,113,4,0,0,0,0);
INSERT INTO "Verb_Category_Default" VALUES(335,114,4,0,0,0,0);
INSERT INTO "Verb_Category_Default" VALUES(336,115,4,0,0,0,0);
INSERT INTO "Verb_Category_Default" VALUES(337,116,4,0,0,0,0);
INSERT INTO "Verb_Category_Default" VALUES(338,117,4,0,0,0,0);
INSERT INTO "Verb_Category_Default" VALUES(339,118,4,0,0,0,0);
INSERT INTO "Verb_Category_Default" VALUES(340,119,4,0,0,0,0);
INSERT INTO "Verb_Category_Default" VALUES(341,120,4,0,0,0,0);
INSERT INTO "Verb_Category_Default" VALUES(342,121,4,0,0,0,0);
INSERT INTO "Verb_Category_Default" VALUES(343,122,4,0,0,0,0);
INSERT INTO "Verb_Category_Default" VALUES(344,123,4,0,0,0,0);
INSERT INTO "Verb_Category_Default" VALUES(345,124,4,0,0,0,0);
INSERT INTO "Verb_Category_Default" VALUES(346,125,4,0,0,0,0);
INSERT INTO "Verb_Category_Default" VALUES(347,126,4,0,0,0,0);
INSERT INTO "Verb_Category_Default" VALUES(348,127,4,0,0,0,0);
INSERT INTO "Verb_Category_Default" VALUES(349,131,4,0,0,0,0);
INSERT INTO "Verb_Category_Default" VALUES(350,134,4,0,0,0,0);
INSERT INTO "Verb_Category_Default" VALUES(351,135,4,0,0,0,0);
INSERT INTO "Verb_Category_Default" VALUES(352,136,4,0,0,0,0);
INSERT INTO "Verb_Category_Default" VALUES(353,138,4,0,0,0,0);
INSERT INTO "Verb_Category_Default" VALUES(354,139,4,0,0,0,0);
INSERT INTO "Verb_Category_Default" VALUES(355,140,4,0,0,0,0);
INSERT INTO "Verb_Category_Default" VALUES(356,141,4,0,0,0,0);
INSERT INTO "Verb_Category_Default" VALUES(357,142,4,0,0,0,0);
INSERT INTO "Verb_Category_Default" VALUES(358,143,4,0,0,0,0);
INSERT INTO "Verb_Category_Default" VALUES(359,160,4,0,0,0,0);
INSERT INTO "Verb_Category_Default" VALUES(360,167,4,0,0,0,0);
INSERT INTO "Verb_Category_Default" VALUES(361,168,4,0,0,0,0);
INSERT INTO "Verb_Category_Default" VALUES(362,169,4,0,0,0,0);
INSERT INTO "Verb_Category_Default" VALUES(363,170,4,0,0,0,0);
INSERT INTO "Verb_Category_Default" VALUES(364,171,4,0,0,0,0);
INSERT INTO "Verb_Category_Default" VALUES(365,172,4,0,0,0,0);
INSERT INTO "Verb_Category_Default" VALUES(366,173,4,0,0,0,0);
INSERT INTO "Verb_Category_Default" VALUES(367,174,4,0,0,0,0);
INSERT INTO "Verb_Category_Default" VALUES(368,181,4,0,0,0,0);
INSERT INTO "Verb_Category_Default" VALUES(369,190,4,0,0,0,0);
INSERT INTO "Verb_Category_Default" VALUES(370,191,4,0,0,0,0);
INSERT INTO "Verb_Category_Default" VALUES(371,192,4,0,0,0,0);
INSERT INTO "Verb_Category_Default" VALUES(372,193,4,0,0,0,0);
INSERT INTO "Verb_Category_Default" VALUES(373,194,4,0,0,0,0);
INSERT INTO "Verb_Category_Default" VALUES(374,195,4,0,0,0,0);
INSERT INTO "Verb_Category_Default" VALUES(375,196,4,0,0,0,0);
INSERT INTO "Verb_Category_Default" VALUES(376,197,4,0,0,0,0);
INSERT INTO "Verb_Category_Default" VALUES(377,198,4,0,0,0,0);
INSERT INTO "Verb_Category_Default" VALUES(378,199,4,0,0,0,0);
INSERT INTO "Verb_Category_Default" VALUES(379,200,4,0,0,0,0);
INSERT INTO "Verb_Category_Default" VALUES(380,201,4,0,0,0,0);
INSERT INTO "Verb_Category_Default" VALUES(381,202,4,0,0,0,0);
INSERT INTO "Verb_Category_Default" VALUES(382,203,4,0,0,0,0);
INSERT INTO "Verb_Category_Default" VALUES(383,204,4,0,0,0,0);
INSERT INTO "Verb_Category_Default" VALUES(384,205,4,0,0,0,0);
INSERT INTO "Verb_Category_Default" VALUES(385,206,4,0,0,0,0);
INSERT INTO "Verb_Category_Default" VALUES(386,207,4,0,0,0,0);
INSERT INTO "Verb_Category_Default" VALUES(387,208,4,0,0,0,0);
INSERT INTO "Verb_Category_Default" VALUES(388,209,4,0,0,0,0);
INSERT INTO "Verb_Category_Default" VALUES(389,210,4,0,0,0,0);
INSERT INTO "Verb_Category_Default" VALUES(390,211,4,0,0,0,0);
INSERT INTO "Verb_Category_Default" VALUES(391,212,4,0,0,0,0);
INSERT INTO "Verb_Category_Default" VALUES(392,213,4,0,0,0,0);
INSERT INTO "Verb_Category_Default" VALUES(393,214,4,0,0,0,0);
INSERT INTO "Verb_Category_Default" VALUES(394,215,4,0,0,0,0);
INSERT INTO "Verb_Category_Default" VALUES(395,216,4,0,0,0,0);
INSERT INTO "Verb_Category_Default" VALUES(396,217,4,0,0,0,0);
INSERT INTO "Verb_Category_Default" VALUES(397,218,4,0,0,0,0);
INSERT INTO "Verb_Category_Default" VALUES(398,219,4,0,0,0,0);
INSERT INTO "Verb_Category_Default" VALUES(399,220,4,0,0,0,0);
INSERT INTO "Verb_Category_Default" VALUES(400,221,4,0,0,0,0);
INSERT INTO "Verb_Category_Default" VALUES(401,222,4,0,0,0,0);
INSERT INTO "Verb_Category_Default" VALUES(402,223,4,0,0,0,0);
INSERT INTO "Verb_Category_Default" VALUES(403,224,4,0,0,0,0);
INSERT INTO "Verb_Category_Default" VALUES(404,225,4,0,0,0,0);
INSERT INTO "Verb_Category_Default" VALUES(405,226,4,0,0,0,0);
INSERT INTO "Verb_Category_Default" VALUES(406,227,4,0,0,0,0);
INSERT INTO "Verb_Category_Default" VALUES(407,228,4,0,0,0,0);
INSERT INTO "Verb_Category_Default" VALUES(408,229,4,0,0,0,0);
INSERT INTO "Verb_Category_Default" VALUES(409,230,4,0,0,0,0);
INSERT INTO "Verb_Category_Default" VALUES(410,231,4,0,0,0,0);
INSERT INTO "Verb_Category_Default" VALUES(411,232,4,0,0,0,0);
INSERT INTO "Verb_Category_Default" VALUES(412,233,4,0,0,0,0);
INSERT INTO "Verb_Category_Default" VALUES(414,234,4,0,0,0,0);
INSERT INTO "Verb_Category_Default" VALUES(415,235,4,0,0,0,0);
INSERT INTO "Verb_Category_Default" VALUES(416,236,4,0,0,0,0);
INSERT INTO "Verb_Category_Default" VALUES(417,238,4,0,0,0,0);
INSERT INTO "Verb_Category_Default" VALUES(418,239,4,0,0,0,0);
INSERT INTO "Verb_Category_Default" VALUES(419,240,4,0,0,0,0);
INSERT INTO "Verb_Category_Default" VALUES(420,242,4,0,0,0,0);
INSERT INTO "Verb_Category_Default" VALUES(421,243,4,0,0,0,0);
INSERT INTO "Verb_Category_Default" VALUES(422,244,4,0,0,0,0);
INSERT INTO "Verb_Category_Default" VALUES(423,245,4,0,0,0,0);
INSERT INTO "Verb_Category_Default" VALUES(424,246,4,0,0,0,0);
INSERT INTO "Verb_Category_Default" VALUES(425,247,4,0,0,0,0);
INSERT INTO "Verb_Category_Default" VALUES(426,248,4,0,0,0,0);
INSERT INTO "Verb_Category_Default" VALUES(427,249,4,0,0,0,0);
INSERT INTO "Verb_Category_Default" VALUES(428,250,4,0,0,0,0);
INSERT INTO "Verb_Category_Default" VALUES(429,252,4,0,0,0,0);
INSERT INTO "Verb_Category_Default" VALUES(430,253,4,0,0,0,0);
INSERT INTO "Verb_Category_Default" VALUES(431,254,4,0,0,0,0);
INSERT INTO "Verb_Category_Default" VALUES(432,255,4,0,0,0,0);
INSERT INTO "Verb_Category_Default" VALUES(433,256,4,0,0,0,0);
INSERT INTO "Verb_Category_Default" VALUES(434,257,4,0,0,0,0);
INSERT INTO "Verb_Category_Default" VALUES(435,258,4,0,0,0,0);
INSERT INTO "Verb_Category_Default" VALUES(436,259,4,0,0,0,0);
INSERT INTO "Verb_Category_Default" VALUES(437,260,4,0,0,0,0);
INSERT INTO "Verb_Category_Default" VALUES(438,261,4,0,0,0,0);
INSERT INTO "Verb_Category_Default" VALUES(439,262,4,0,0,0,0);
INSERT INTO "Verb_Category_Default" VALUES(440,263,4,0,0,0,0);
INSERT INTO "Verb_Category_Default" VALUES(441,264,4,0,0,0,0);
INSERT INTO "Verb_Category_Default" VALUES(442,265,4,0,0,0,0);
INSERT INTO "Verb_Category_Default" VALUES(443,266,4,0,0,0,0);
INSERT INTO "Verb_Category_Default" VALUES(444,269,4,0,0,0,0);
INSERT INTO "Verb_Category_Default" VALUES(445,270,4,0,0,0,0);
INSERT INTO "Verb_Category_Default" VALUES(446,273,4,0,0,0,0);
INSERT INTO "Verb_Category_Default" VALUES(447,274,4,0,0,0,0);
INSERT INTO "Verb_Category_Default" VALUES(448,280,4,0,0,0,0);
INSERT INTO "Verb_Category_Default" VALUES(449,281,4,0,0,0,0);
INSERT INTO "Verb_Category_Default" VALUES(450,282,4,0,0,0,0);
INSERT INTO "Verb_Category_Default" VALUES(451,283,4,0,0,0,0);
INSERT INTO "Verb_Category_Default" VALUES(452,284,4,0,0,0,0);
INSERT INTO "Verb_Category_Default" VALUES(453,285,4,0,0,0,0);
INSERT INTO "Verb_Category_Default" VALUES(454,286,4,0,0,0,0);
INSERT INTO "Verb_Category_Default" VALUES(455,287,4,0,0,0,0);
INSERT INTO "Verb_Category_Default" VALUES(456,288,4,0,0,0,0);
INSERT INTO "Verb_Category_Default" VALUES(457,289,4,0,0,0,0);
INSERT INTO "Verb_Category_Default" VALUES(458,290,4,0,0,0,0);
INSERT INTO "Verb_Category_Default" VALUES(459,291,4,0,0,0,0);
INSERT INTO "Verb_Category_Default" VALUES(460,292,4,0,0,0,0);
INSERT INTO "Verb_Category_Default" VALUES(461,293,4,0,0,0,0);
INSERT INTO "Verb_Category_Default" VALUES(462,294,4,0,0,0,0);
INSERT INTO "Verb_Category_Default" VALUES(463,295,4,0,0,0,0);
CREATE TABLE "Verb_Category"(
[ID] int UNIQUE
,[ID_Verb] int
,[ID_Category] int
,[Closed] bit DEFAULT 0
,[RightAnswers] int DEFAULT 0
,[StudyLevel] int DEFAULT 0
,[ShowCount] int DEFAULT 0
);
INSERT INTO "Verb_Category" VALUES(1,6,1,0,0,0,0);
INSERT INTO "Verb_Category" VALUES(2,9,1,0,0,0,0);
INSERT INTO "Verb_Category" VALUES(3,12,1,0,0,0,0);
INSERT INTO "Verb_Category" VALUES(4,32,1,0,0,0,0);
INSERT INTO "Verb_Category" VALUES(5,35,1,0,0,0,0);
INSERT INTO "Verb_Category" VALUES(6,39,1,0,0,0,0);
INSERT INTO "Verb_Category" VALUES(7,42,1,0,0,0,0);
INSERT INTO "Verb_Category" VALUES(8,44,1,0,0,0,0);
INSERT INTO "Verb_Category" VALUES(9,47,1,0,0,0,0);
INSERT INTO "Verb_Category" VALUES(10,48,1,0,0,0,0);
INSERT INTO "Verb_Category" VALUES(11,52,1,0,0,0,0);
INSERT INTO "Verb_Category" VALUES(12,57,1,0,0,0,0);
INSERT INTO "Verb_Category" VALUES(13,58,1,0,0,0,0);
INSERT INTO "Verb_Category" VALUES(14,60,1,0,0,0,0);
INSERT INTO "Verb_Category" VALUES(15,61,1,0,0,0,0);
INSERT INTO "Verb_Category" VALUES(16,63,1,0,0,0,0);
INSERT INTO "Verb_Category" VALUES(17,64,1,0,0,0,0);
INSERT INTO "Verb_Category" VALUES(18,65,1,0,0,0,0);
INSERT INTO "Verb_Category" VALUES(19,66,1,0,0,0,0);
INSERT INTO "Verb_Category" VALUES(20,67,1,0,0,0,0);
INSERT INTO "Verb_Category" VALUES(21,68,1,0,0,0,0);
INSERT INTO "Verb_Category" VALUES(22,73,1,0,0,0,0);
INSERT INTO "Verb_Category" VALUES(23,79,1,0,0,0,0);
INSERT INTO "Verb_Category" VALUES(24,85,1,0,0,0,0);
INSERT INTO "Verb_Category" VALUES(25,88,1,0,0,0,0);
INSERT INTO "Verb_Category" VALUES(26,89,1,0,0,0,0);
INSERT INTO "Verb_Category" VALUES(27,95,1,0,0,0,0);
INSERT INTO "Verb_Category" VALUES(28,96,1,0,0,0,0);
INSERT INTO "Verb_Category" VALUES(29,107,1,0,0,0,0);
INSERT INTO "Verb_Category" VALUES(30,111,1,0,0,0,0);
INSERT INTO "Verb_Category" VALUES(31,117,1,0,0,0,0);
INSERT INTO "Verb_Category" VALUES(32,118,1,0,0,0,0);
INSERT INTO "Verb_Category" VALUES(33,120,1,0,0,0,0);
INSERT INTO "Verb_Category" VALUES(34,123,1,0,0,0,0);
INSERT INTO "Verb_Category" VALUES(35,124,1,0,0,0,0);
INSERT INTO "Verb_Category" VALUES(36,126,1,0,0,0,0);
INSERT INTO "Verb_Category" VALUES(37,127,1,0,0,0,0);
INSERT INTO "Verb_Category" VALUES(38,168,1,0,0,0,0);
INSERT INTO "Verb_Category" VALUES(39,172,1,0,0,0,0);
INSERT INTO "Verb_Category" VALUES(40,174,1,0,0,0,0);
INSERT INTO "Verb_Category" VALUES(41,192,1,0,0,0,0);
INSERT INTO "Verb_Category" VALUES(42,195,1,0,0,0,0);
INSERT INTO "Verb_Category" VALUES(43,197,1,0,0,0,0);
INSERT INTO "Verb_Category" VALUES(44,198,1,0,0,0,0);
INSERT INTO "Verb_Category" VALUES(45,200,1,0,0,0,0);
INSERT INTO "Verb_Category" VALUES(46,201,1,0,0,0,0);
INSERT INTO "Verb_Category" VALUES(47,211,1,0,0,0,0);
INSERT INTO "Verb_Category" VALUES(48,215,1,0,0,0,0);
INSERT INTO "Verb_Category" VALUES(49,218,1,0,0,0,0);
INSERT INTO "Verb_Category" VALUES(50,220,1,0,0,0,0);
INSERT INTO "Verb_Category" VALUES(51,228,1,0,0,0,0);
INSERT INTO "Verb_Category" VALUES(52,231,1,0,0,0,0);
INSERT INTO "Verb_Category" VALUES(53,240,1,0,0,0,0);
INSERT INTO "Verb_Category" VALUES(54,242,1,0,0,0,0);
INSERT INTO "Verb_Category" VALUES(55,255,1,0,0,0,0);
INSERT INTO "Verb_Category" VALUES(56,257,1,0,0,0,0);
INSERT INTO "Verb_Category" VALUES(57,258,1,0,0,0,0);
INSERT INTO "Verb_Category" VALUES(58,260,1,0,0,0,0);
INSERT INTO "Verb_Category" VALUES(59,261,1,0,0,0,0);
INSERT INTO "Verb_Category" VALUES(60,273,1,0,0,0,0);
INSERT INTO "Verb_Category" VALUES(61,282,1,0,0,0,0);
INSERT INTO "Verb_Category" VALUES(62,284,1,0,0,0,0);
INSERT INTO "Verb_Category" VALUES(63,289,1,0,0,0,0);
INSERT INTO "Verb_Category" VALUES(64,295,1,0,0,0,0);
INSERT INTO "Verb_Category" VALUES(65,6,2,0,0,0,0);
INSERT INTO "Verb_Category" VALUES(66,8,2,0,0,0,0);
INSERT INTO "Verb_Category" VALUES(67,9,2,0,0,0,0);
INSERT INTO "Verb_Category" VALUES(68,12,2,0,0,0,0);
INSERT INTO "Verb_Category" VALUES(69,30,2,0,0,0,0);
INSERT INTO "Verb_Category" VALUES(70,32,2,0,0,0,0);
INSERT INTO "Verb_Category" VALUES(71,35,2,0,0,0,0);
INSERT INTO "Verb_Category" VALUES(72,36,2,0,0,0,0);
INSERT INTO "Verb_Category" VALUES(73,39,2,0,0,0,0);
INSERT INTO "Verb_Category" VALUES(74,40,2,0,0,0,0);
INSERT INTO "Verb_Category" VALUES(75,42,2,0,0,0,0);
INSERT INTO "Verb_Category" VALUES(76,44,2,0,0,0,0);
INSERT INTO "Verb_Category" VALUES(77,47,2,0,0,0,0);
INSERT INTO "Verb_Category" VALUES(78,48,2,0,0,0,0);
INSERT INTO "Verb_Category" VALUES(79,52,2,0,0,0,0);
INSERT INTO "Verb_Category" VALUES(80,57,2,0,0,0,0);
INSERT INTO "Verb_Category" VALUES(81,58,2,0,0,0,0);
INSERT INTO "Verb_Category" VALUES(82,59,2,0,0,0,0);
INSERT INTO "Verb_Category" VALUES(83,60,2,0,0,0,0);
INSERT INTO "Verb_Category" VALUES(84,61,2,0,0,0,0);
INSERT INTO "Verb_Category" VALUES(85,63,2,0,0,0,0);
INSERT INTO "Verb_Category" VALUES(86,64,2,0,0,0,0);
INSERT INTO "Verb_Category" VALUES(87,65,2,0,0,0,0);
INSERT INTO "Verb_Category" VALUES(88,66,2,0,0,0,0);
INSERT INTO "Verb_Category" VALUES(89,67,2,0,0,0,0);
INSERT INTO "Verb_Category" VALUES(90,68,2,0,0,0,0);
INSERT INTO "Verb_Category" VALUES(91,73,2,0,0,0,0);
INSERT INTO "Verb_Category" VALUES(92,79,2,0,0,0,0);
INSERT INTO "Verb_Category" VALUES(93,85,2,0,0,0,0);
INSERT INTO "Verb_Category" VALUES(94,88,2,0,0,0,0);
INSERT INTO "Verb_Category" VALUES(95,89,2,0,0,0,0);
INSERT INTO "Verb_Category" VALUES(96,95,2,0,0,0,0);
INSERT INTO "Verb_Category" VALUES(97,96,2,0,0,0,0);
INSERT INTO "Verb_Category" VALUES(98,99,2,0,0,0,0);
INSERT INTO "Verb_Category" VALUES(99,100,2,0,0,0,0);
INSERT INTO "Verb_Category" VALUES(100,102,2,0,0,0,0);
INSERT INTO "Verb_Category" VALUES(101,107,2,0,0,0,0);
INSERT INTO "Verb_Category" VALUES(102,111,2,0,0,0,0);
INSERT INTO "Verb_Category" VALUES(103,114,2,0,0,0,0);
INSERT INTO "Verb_Category" VALUES(104,117,2,0,0,0,0);
INSERT INTO "Verb_Category" VALUES(105,118,2,0,0,0,0);
INSERT INTO "Verb_Category" VALUES(106,119,2,0,0,0,0);
INSERT INTO "Verb_Category" VALUES(107,120,2,0,0,0,0);
INSERT INTO "Verb_Category" VALUES(108,121,2,0,0,0,0);
INSERT INTO "Verb_Category" VALUES(109,122,2,0,0,0,0);
INSERT INTO "Verb_Category" VALUES(110,123,2,0,0,0,0);
INSERT INTO "Verb_Category" VALUES(111,124,2,0,0,0,0);
INSERT INTO "Verb_Category" VALUES(112,126,2,0,0,0,0);
INSERT INTO "Verb_Category" VALUES(113,127,2,0,0,0,0);
INSERT INTO "Verb_Category" VALUES(114,141,2,0,0,0,0);
INSERT INTO "Verb_Category" VALUES(115,168,2,0,0,0,0);
INSERT INTO "Verb_Category" VALUES(116,172,2,0,0,0,0);
INSERT INTO "Verb_Category" VALUES(117,174,2,0,0,0,0);
INSERT INTO "Verb_Category" VALUES(118,192,2,0,0,0,0);
INSERT INTO "Verb_Category" VALUES(119,195,2,0,0,0,0);
INSERT INTO "Verb_Category" VALUES(120,197,2,0,0,0,0);
INSERT INTO "Verb_Category" VALUES(121,198,2,0,0,0,0);
INSERT INTO "Verb_Category" VALUES(122,200,2,0,0,0,0);
INSERT INTO "Verb_Category" VALUES(123,201,2,0,0,0,0);
INSERT INTO "Verb_Category" VALUES(124,202,2,0,0,0,0);
INSERT INTO "Verb_Category" VALUES(125,210,2,0,0,0,0);
INSERT INTO "Verb_Category" VALUES(126,211,2,0,0,0,0);
INSERT INTO "Verb_Category" VALUES(127,215,2,0,0,0,0);
INSERT INTO "Verb_Category" VALUES(128,216,2,0,0,0,0);
INSERT INTO "Verb_Category" VALUES(129,218,2,0,0,0,0);
INSERT INTO "Verb_Category" VALUES(130,220,2,0,0,0,0);
INSERT INTO "Verb_Category" VALUES(131,225,2,0,0,0,0);
INSERT INTO "Verb_Category" VALUES(132,228,2,0,0,0,0);
INSERT INTO "Verb_Category" VALUES(133,231,2,0,0,0,0);
INSERT INTO "Verb_Category" VALUES(134,232,2,0,0,0,0);
INSERT INTO "Verb_Category" VALUES(135,240,2,0,0,0,0);
INSERT INTO "Verb_Category" VALUES(136,242,2,0,0,0,0);
INSERT INTO "Verb_Category" VALUES(137,255,2,0,0,0,0);
INSERT INTO "Verb_Category" VALUES(138,257,2,0,0,0,0);
INSERT INTO "Verb_Category" VALUES(139,258,2,0,0,0,0);
INSERT INTO "Verb_Category" VALUES(140,260,2,0,0,0,0);
INSERT INTO "Verb_Category" VALUES(141,261,2,0,0,0,0);
INSERT INTO "Verb_Category" VALUES(142,273,2,0,0,0,0);
INSERT INTO "Verb_Category" VALUES(143,282,2,0,0,0,0);
INSERT INTO "Verb_Category" VALUES(144,284,2,0,0,0,0);
INSERT INTO "Verb_Category" VALUES(145,289,2,0,0,0,0);
INSERT INTO "Verb_Category" VALUES(146,295,2,0,0,0,0);
INSERT INTO "Verb_Category" VALUES(147,6,3,0,0,0,0);
INSERT INTO "Verb_Category" VALUES(148,8,3,0,0,0,0);
INSERT INTO "Verb_Category" VALUES(149,9,3,0,0,0,0);
INSERT INTO "Verb_Category" VALUES(150,12,3,0,0,0,0);
INSERT INTO "Verb_Category" VALUES(151,15,3,0,0,0,0);
INSERT INTO "Verb_Category" VALUES(152,26,3,0,0,0,0);
INSERT INTO "Verb_Category" VALUES(153,29,3,0,0,0,0);
INSERT INTO "Verb_Category" VALUES(154,30,3,0,0,0,0);
INSERT INTO "Verb_Category" VALUES(155,32,3,0,0,0,0);
INSERT INTO "Verb_Category" VALUES(156,35,3,0,0,0,0);
INSERT INTO "Verb_Category" VALUES(157,36,3,0,0,0,0);
INSERT INTO "Verb_Category" VALUES(158,37,3,0,0,0,0);
INSERT INTO "Verb_Category" VALUES(159,39,3,0,0,0,0);
INSERT INTO "Verb_Category" VALUES(160,40,3,0,0,0,0);
INSERT INTO "Verb_Category" VALUES(161,42,3,0,0,0,0);
INSERT INTO "Verb_Category" VALUES(162,44,3,0,0,0,0);
INSERT INTO "Verb_Category" VALUES(163,47,3,0,0,0,0);
INSERT INTO "Verb_Category" VALUES(164,48,3,0,0,0,0);
INSERT INTO "Verb_Category" VALUES(165,52,3,0,0,0,0);
INSERT INTO "Verb_Category" VALUES(166,55,3,0,0,0,0);
INSERT INTO "Verb_Category" VALUES(167,57,3,0,0,0,0);
INSERT INTO "Verb_Category" VALUES(168,58,3,0,0,0,0);
INSERT INTO "Verb_Category" VALUES(169,59,3,0,0,0,0);
INSERT INTO "Verb_Category" VALUES(170,60,3,0,0,0,0);
INSERT INTO "Verb_Category" VALUES(171,61,3,0,0,0,0);
INSERT INTO "Verb_Category" VALUES(172,63,3,0,0,0,0);
INSERT INTO "Verb_Category" VALUES(173,64,3,0,0,0,0);
INSERT INTO "Verb_Category" VALUES(174,65,3,0,0,0,0);
INSERT INTO "Verb_Category" VALUES(175,66,3,0,0,0,0);
INSERT INTO "Verb_Category" VALUES(176,67,3,0,0,0,0);
INSERT INTO "Verb_Category" VALUES(177,68,3,0,0,0,0);
INSERT INTO "Verb_Category" VALUES(178,73,3,0,0,0,0);
INSERT INTO "Verb_Category" VALUES(179,79,3,0,0,0,0);
INSERT INTO "Verb_Category" VALUES(180,80,3,0,0,0,0);
INSERT INTO "Verb_Category" VALUES(181,83,3,0,0,0,0);
INSERT INTO "Verb_Category" VALUES(182,85,3,0,0,0,0);
INSERT INTO "Verb_Category" VALUES(183,88,3,0,0,0,0);
INSERT INTO "Verb_Category" VALUES(184,89,3,0,0,0,0);
INSERT INTO "Verb_Category" VALUES(185,92,3,0,0,0,0);
INSERT INTO "Verb_Category" VALUES(186,94,3,0,0,0,0);
INSERT INTO "Verb_Category" VALUES(187,95,3,0,0,0,0);
INSERT INTO "Verb_Category" VALUES(188,96,3,0,0,0,0);
INSERT INTO "Verb_Category" VALUES(189,99,3,0,0,0,0);
INSERT INTO "Verb_Category" VALUES(190,100,3,0,0,0,0);
INSERT INTO "Verb_Category" VALUES(191,101,3,0,0,0,0);
INSERT INTO "Verb_Category" VALUES(192,102,3,0,0,0,0);
INSERT INTO "Verb_Category" VALUES(193,107,3,0,0,0,0);
INSERT INTO "Verb_Category" VALUES(194,109,3,0,0,0,0);
INSERT INTO "Verb_Category" VALUES(195,111,3,0,0,0,0);
INSERT INTO "Verb_Category" VALUES(196,113,3,0,0,0,0);
INSERT INTO "Verb_Category" VALUES(197,114,3,0,0,0,0);
INSERT INTO "Verb_Category" VALUES(198,117,3,0,0,0,0);
INSERT INTO "Verb_Category" VALUES(199,118,3,0,0,0,0);
INSERT INTO "Verb_Category" VALUES(200,119,3,0,0,0,0);
INSERT INTO "Verb_Category" VALUES(201,120,3,0,0,0,0);
INSERT INTO "Verb_Category" VALUES(202,121,3,0,0,0,0);
INSERT INTO "Verb_Category" VALUES(203,122,3,0,0,0,0);
INSERT INTO "Verb_Category" VALUES(204,123,3,0,0,0,0);
INSERT INTO "Verb_Category" VALUES(205,124,3,0,0,0,0);
INSERT INTO "Verb_Category" VALUES(206,126,3,0,0,0,0);
INSERT INTO "Verb_Category" VALUES(207,127,3,0,0,0,0);
INSERT INTO "Verb_Category" VALUES(208,141,3,0,0,0,0);
INSERT INTO "Verb_Category" VALUES(209,168,3,0,0,0,0);
INSERT INTO "Verb_Category" VALUES(210,172,3,0,0,0,0);
INSERT INTO "Verb_Category" VALUES(211,174,3,0,0,0,0);
INSERT INTO "Verb_Category" VALUES(212,191,3,0,0,0,0);
INSERT INTO "Verb_Category" VALUES(213,192,3,0,0,0,0);
INSERT INTO "Verb_Category" VALUES(214,193,3,0,0,0,0);
INSERT INTO "Verb_Category" VALUES(215,195,3,0,0,0,0);
INSERT INTO "Verb_Category" VALUES(216,197,3,0,0,0,0);
INSERT INTO "Verb_Category" VALUES(217,198,3,0,0,0,0);
INSERT INTO "Verb_Category" VALUES(218,200,3,0,0,0,0);
INSERT INTO "Verb_Category" VALUES(219,201,3,0,0,0,0);
INSERT INTO "Verb_Category" VALUES(220,202,3,0,0,0,0);
INSERT INTO "Verb_Category" VALUES(221,204,3,0,0,0,0);
INSERT INTO "Verb_Category" VALUES(222,208,3,0,0,0,0);
INSERT INTO "Verb_Category" VALUES(223,210,3,0,0,0,0);
INSERT INTO "Verb_Category" VALUES(224,211,3,0,0,0,0);
INSERT INTO "Verb_Category" VALUES(225,215,3,0,0,0,0);
INSERT INTO "Verb_Category" VALUES(226,216,3,0,0,0,0);
INSERT INTO "Verb_Category" VALUES(227,217,3,0,0,0,0);
INSERT INTO "Verb_Category" VALUES(228,218,3,0,0,0,0);
INSERT INTO "Verb_Category" VALUES(229,220,3,0,0,0,0);
INSERT INTO "Verb_Category" VALUES(230,221,3,0,0,0,0);
INSERT INTO "Verb_Category" VALUES(231,225,3,0,0,0,0);
INSERT INTO "Verb_Category" VALUES(232,228,3,0,0,0,0);
INSERT INTO "Verb_Category" VALUES(233,231,3,0,0,0,0);
INSERT INTO "Verb_Category" VALUES(234,232,3,0,0,0,0);
INSERT INTO "Verb_Category" VALUES(235,236,3,0,0,0,0);
INSERT INTO "Verb_Category" VALUES(236,240,3,0,0,0,0);
INSERT INTO "Verb_Category" VALUES(237,242,3,0,0,0,0);
INSERT INTO "Verb_Category" VALUES(238,243,3,0,0,0,0);
INSERT INTO "Verb_Category" VALUES(239,255,3,0,0,0,0);
INSERT INTO "Verb_Category" VALUES(240,257,3,0,0,0,0);
INSERT INTO "Verb_Category" VALUES(241,258,3,0,0,0,0);
INSERT INTO "Verb_Category" VALUES(242,259,3,0,0,0,0);
INSERT INTO "Verb_Category" VALUES(243,260,3,0,0,0,0);
INSERT INTO "Verb_Category" VALUES(244,261,3,0,0,0,0);
INSERT INTO "Verb_Category" VALUES(245,263,3,0,0,0,0);
INSERT INTO "Verb_Category" VALUES(246,273,3,0,0,0,0);
INSERT INTO "Verb_Category" VALUES(247,282,3,0,0,0,0);
INSERT INTO "Verb_Category" VALUES(248,284,3,0,0,0,0);
INSERT INTO "Verb_Category" VALUES(249,289,3,0,0,0,0);
INSERT INTO "Verb_Category" VALUES(250,295,3,0,0,0,0);
INSERT INTO "Verb_Category" VALUES(251,1,4,0,0,0,0);
INSERT INTO "Verb_Category" VALUES(252,2,4,0,0,0,0);
INSERT INTO "Verb_Category" VALUES(253,3,4,0,0,0,0);
INSERT INTO "Verb_Category" VALUES(254,6,4,0,0,0,0);
INSERT INTO "Verb_Category" VALUES(255,7,4,0,0,0,0);
INSERT INTO "Verb_Category" VALUES(256,8,4,0,0,0,0);
INSERT INTO "Verb_Category" VALUES(257,9,4,0,0,0,0);
INSERT INTO "Verb_Category" VALUES(258,12,4,0,0,0,0);
INSERT INTO "Verb_Category" VALUES(259,15,4,0,0,0,0);
INSERT INTO "Verb_Category" VALUES(260,17,4,0,0,0,0);
INSERT INTO "Verb_Category" VALUES(261,22,4,0,0,0,0);
INSERT INTO "Verb_Category" VALUES(262,24,4,0,0,0,0);
INSERT INTO "Verb_Category" VALUES(263,25,4,0,0,0,0);
INSERT INTO "Verb_Category" VALUES(264,26,4,0,0,0,0);
INSERT INTO "Verb_Category" VALUES(265,27,4,0,0,0,0);
INSERT INTO "Verb_Category" VALUES(266,28,4,0,0,0,0);
INSERT INTO "Verb_Category" VALUES(267,29,4,0,0,0,0);
INSERT INTO "Verb_Category" VALUES(268,30,4,0,0,0,0);
INSERT INTO "Verb_Category" VALUES(269,31,4,0,0,0,0);
INSERT INTO "Verb_Category" VALUES(270,32,4,0,0,0,0);
INSERT INTO "Verb_Category" VALUES(271,33,4,0,0,0,0);
INSERT INTO "Verb_Category" VALUES(272,35,4,0,0,0,0);
INSERT INTO "Verb_Category" VALUES(273,36,4,0,0,0,0);
INSERT INTO "Verb_Category" VALUES(274,37,4,0,0,0,0);
INSERT INTO "Verb_Category" VALUES(275,38,4,0,0,0,0);
INSERT INTO "Verb_Category" VALUES(276,39,4,0,0,0,0);
INSERT INTO "Verb_Category" VALUES(277,40,4,0,0,0,0);
INSERT INTO "Verb_Category" VALUES(278,41,4,0,0,0,0);
INSERT INTO "Verb_Category" VALUES(279,42,4,0,0,0,0);
INSERT INTO "Verb_Category" VALUES(280,44,4,0,0,0,0);
INSERT INTO "Verb_Category" VALUES(281,45,4,0,0,0,0);
INSERT INTO "Verb_Category" VALUES(282,46,4,0,0,0,0);
INSERT INTO "Verb_Category" VALUES(283,47,4,0,0,0,0);
INSERT INTO "Verb_Category" VALUES(284,48,4,0,0,0,0);
INSERT INTO "Verb_Category" VALUES(285,50,4,0,0,0,0);
INSERT INTO "Verb_Category" VALUES(287,52,4,0,0,0,0);
INSERT INTO "Verb_Category" VALUES(288,54,4,0,0,0,0);
INSERT INTO "Verb_Category" VALUES(289,55,4,0,0,0,0);
INSERT INTO "Verb_Category" VALUES(290,56,4,0,0,0,0);
INSERT INTO "Verb_Category" VALUES(291,57,4,0,0,0,0);
INSERT INTO "Verb_Category" VALUES(292,58,4,0,0,0,0);
INSERT INTO "Verb_Category" VALUES(293,59,4,0,0,0,0);
INSERT INTO "Verb_Category" VALUES(294,60,4,0,0,0,0);
INSERT INTO "Verb_Category" VALUES(295,61,4,0,0,0,0);
INSERT INTO "Verb_Category" VALUES(296,62,4,0,0,0,0);
INSERT INTO "Verb_Category" VALUES(297,63,4,0,0,0,0);
INSERT INTO "Verb_Category" VALUES(298,64,4,0,0,0,0);
INSERT INTO "Verb_Category" VALUES(299,65,4,0,0,0,0);
INSERT INTO "Verb_Category" VALUES(300,66,4,0,0,0,0);
INSERT INTO "Verb_Category" VALUES(301,67,4,0,0,0,0);
INSERT INTO "Verb_Category" VALUES(302,68,4,0,0,0,0);
INSERT INTO "Verb_Category" VALUES(303,69,4,0,0,0,0);
INSERT INTO "Verb_Category" VALUES(304,70,4,0,0,0,0);
INSERT INTO "Verb_Category" VALUES(305,71,4,0,0,0,0);
INSERT INTO "Verb_Category" VALUES(306,73,4,0,0,0,0);
INSERT INTO "Verb_Category" VALUES(307,75,4,0,0,0,0);
INSERT INTO "Verb_Category" VALUES(308,76,4,0,0,0,0);
INSERT INTO "Verb_Category" VALUES(309,77,4,0,0,0,0);
INSERT INTO "Verb_Category" VALUES(310,78,4,0,0,0,0);
INSERT INTO "Verb_Category" VALUES(311,79,4,0,0,0,0);
INSERT INTO "Verb_Category" VALUES(312,80,4,0,0,0,0);
INSERT INTO "Verb_Category" VALUES(313,81,4,0,0,0,0);
INSERT INTO "Verb_Category" VALUES(314,83,4,0,0,0,0);
INSERT INTO "Verb_Category" VALUES(315,85,4,0,0,0,0);
INSERT INTO "Verb_Category" VALUES(316,86,4,0,0,0,0);
INSERT INTO "Verb_Category" VALUES(317,88,4,0,0,0,0);
INSERT INTO "Verb_Category" VALUES(318,89,4,0,0,0,0);
INSERT INTO "Verb_Category" VALUES(319,90,4,0,0,0,0);
INSERT INTO "Verb_Category" VALUES(320,91,4,0,0,0,0);
INSERT INTO "Verb_Category" VALUES(321,92,4,0,0,0,0);
INSERT INTO "Verb_Category" VALUES(322,94,4,0,0,0,0);
INSERT INTO "Verb_Category" VALUES(323,95,4,0,0,0,0);
INSERT INTO "Verb_Category" VALUES(324,96,4,0,0,0,0);
INSERT INTO "Verb_Category" VALUES(325,99,4,0,0,0,0);
INSERT INTO "Verb_Category" VALUES(326,100,4,0,0,0,0);
INSERT INTO "Verb_Category" VALUES(327,101,4,0,0,0,0);
INSERT INTO "Verb_Category" VALUES(328,102,4,0,0,0,0);
INSERT INTO "Verb_Category" VALUES(329,103,4,0,0,0,0);
INSERT INTO "Verb_Category" VALUES(330,107,4,0,0,0,0);
INSERT INTO "Verb_Category" VALUES(331,109,4,0,0,0,0);
INSERT INTO "Verb_Category" VALUES(332,110,4,0,0,0,0);
INSERT INTO "Verb_Category" VALUES(333,111,4,0,0,0,0);
INSERT INTO "Verb_Category" VALUES(334,113,4,0,0,0,0);
INSERT INTO "Verb_Category" VALUES(335,114,4,0,0,0,0);
INSERT INTO "Verb_Category" VALUES(336,115,4,0,0,0,0);
INSERT INTO "Verb_Category" VALUES(337,116,4,0,0,0,0);
INSERT INTO "Verb_Category" VALUES(338,117,4,0,0,0,0);
INSERT INTO "Verb_Category" VALUES(339,118,4,0,0,0,0);
INSERT INTO "Verb_Category" VALUES(340,119,4,0,0,0,0);
INSERT INTO "Verb_Category" VALUES(341,120,4,0,0,0,0);
INSERT INTO "Verb_Category" VALUES(342,121,4,0,0,0,0);
INSERT INTO "Verb_Category" VALUES(343,122,4,0,0,0,0);
INSERT INTO "Verb_Category" VALUES(344,123,4,0,0,0,0);
INSERT INTO "Verb_Category" VALUES(345,124,4,0,0,0,0);
INSERT INTO "Verb_Category" VALUES(346,125,4,0,0,0,0);
INSERT INTO "Verb_Category" VALUES(347,126,4,0,0,0,0);
INSERT INTO "Verb_Category" VALUES(348,127,4,0,0,0,0);
INSERT INTO "Verb_Category" VALUES(349,131,4,0,0,0,0);
INSERT INTO "Verb_Category" VALUES(350,134,4,0,0,0,0);
INSERT INTO "Verb_Category" VALUES(351,135,4,0,0,0,0);
INSERT INTO "Verb_Category" VALUES(352,136,4,0,0,0,0);
INSERT INTO "Verb_Category" VALUES(353,138,4,0,0,0,0);
INSERT INTO "Verb_Category" VALUES(354,139,4,0,0,0,0);
INSERT INTO "Verb_Category" VALUES(355,140,4,0,0,0,0);
INSERT INTO "Verb_Category" VALUES(356,141,4,0,0,0,0);
INSERT INTO "Verb_Category" VALUES(357,142,4,0,0,0,0);
INSERT INTO "Verb_Category" VALUES(358,143,4,0,0,0,0);
INSERT INTO "Verb_Category" VALUES(359,160,4,0,0,0,0);
INSERT INTO "Verb_Category" VALUES(360,167,4,0,0,0,0);
INSERT INTO "Verb_Category" VALUES(361,168,4,0,0,0,0);
INSERT INTO "Verb_Category" VALUES(362,169,4,0,0,0,0);
INSERT INTO "Verb_Category" VALUES(363,170,4,0,0,0,0);
INSERT INTO "Verb_Category" VALUES(364,171,4,0,0,0,0);
INSERT INTO "Verb_Category" VALUES(365,172,4,0,0,0,0);
INSERT INTO "Verb_Category" VALUES(366,173,4,0,0,0,0);
INSERT INTO "Verb_Category" VALUES(367,174,4,0,0,0,0);
INSERT INTO "Verb_Category" VALUES(368,181,4,0,0,0,0);
INSERT INTO "Verb_Category" VALUES(369,190,4,0,0,0,0);
INSERT INTO "Verb_Category" VALUES(370,191,4,0,0,0,0);
INSERT INTO "Verb_Category" VALUES(371,192,4,0,0,0,0);
INSERT INTO "Verb_Category" VALUES(372,193,4,0,0,0,0);
INSERT INTO "Verb_Category" VALUES(373,194,4,0,0,0,0);
INSERT INTO "Verb_Category" VALUES(374,195,4,0,0,0,0);
INSERT INTO "Verb_Category" VALUES(375,196,4,0,0,0,0);
INSERT INTO "Verb_Category" VALUES(376,197,4,0,0,0,0);
INSERT INTO "Verb_Category" VALUES(377,198,4,0,0,0,0);
INSERT INTO "Verb_Category" VALUES(378,199,4,0,0,0,0);
INSERT INTO "Verb_Category" VALUES(379,200,4,0,0,0,0);
INSERT INTO "Verb_Category" VALUES(380,201,4,0,0,0,0);
INSERT INTO "Verb_Category" VALUES(381,202,4,0,0,0,0);
INSERT INTO "Verb_Category" VALUES(382,203,4,0,0,0,0);
INSERT INTO "Verb_Category" VALUES(383,204,4,0,0,0,0);
INSERT INTO "Verb_Category" VALUES(384,205,4,0,0,0,0);
INSERT INTO "Verb_Category" VALUES(385,206,4,0,0,0,0);
INSERT INTO "Verb_Category" VALUES(386,207,4,0,0,0,0);
INSERT INTO "Verb_Category" VALUES(387,208,4,0,0,0,0);
INSERT INTO "Verb_Category" VALUES(388,209,4,0,0,0,0);
INSERT INTO "Verb_Category" VALUES(389,210,4,0,0,0,0);
INSERT INTO "Verb_Category" VALUES(390,211,4,0,0,0,0);
INSERT INTO "Verb_Category" VALUES(391,212,4,0,0,0,0);
INSERT INTO "Verb_Category" VALUES(392,213,4,0,0,0,0);
INSERT INTO "Verb_Category" VALUES(393,214,4,0,0,0,0);
INSERT INTO "Verb_Category" VALUES(394,215,4,0,0,0,0);
INSERT INTO "Verb_Category" VALUES(395,216,4,0,0,0,0);
INSERT INTO "Verb_Category" VALUES(396,217,4,0,0,0,0);
INSERT INTO "Verb_Category" VALUES(397,218,4,0,0,0,0);
INSERT INTO "Verb_Category" VALUES(398,219,4,0,0,0,0);
INSERT INTO "Verb_Category" VALUES(399,220,4,0,0,0,0);
INSERT INTO "Verb_Category" VALUES(400,221,4,0,0,0,0);
INSERT INTO "Verb_Category" VALUES(401,222,4,0,0,0,0);
INSERT INTO "Verb_Category" VALUES(402,223,4,0,0,0,0);
INSERT INTO "Verb_Category" VALUES(403,224,4,0,0,0,0);
INSERT INTO "Verb_Category" VALUES(404,225,4,0,0,0,0);
INSERT INTO "Verb_Category" VALUES(405,226,4,0,0,0,0);
INSERT INTO "Verb_Category" VALUES(406,227,4,0,0,0,0);
INSERT INTO "Verb_Category" VALUES(407,228,4,0,0,0,0);
INSERT INTO "Verb_Category" VALUES(408,229,4,0,0,0,0);
INSERT INTO "Verb_Category" VALUES(409,230,4,0,0,0,0);
INSERT INTO "Verb_Category" VALUES(410,231,4,0,0,0,0);
INSERT INTO "Verb_Category" VALUES(411,232,4,0,0,0,0);
INSERT INTO "Verb_Category" VALUES(412,233,4,0,0,0,0);
INSERT INTO "Verb_Category" VALUES(414,234,4,0,0,0,0);
INSERT INTO "Verb_Category" VALUES(415,235,4,0,0,0,0);
INSERT INTO "Verb_Category" VALUES(416,236,4,0,0,0,0);
INSERT INTO "Verb_Category" VALUES(417,238,4,0,0,0,0);
INSERT INTO "Verb_Category" VALUES(418,239,4,0,0,0,0);
INSERT INTO "Verb_Category" VALUES(419,240,4,0,0,0,0);
INSERT INTO "Verb_Category" VALUES(420,242,4,0,0,0,0);
INSERT INTO "Verb_Category" VALUES(421,243,4,0,0,0,0);
INSERT INTO "Verb_Category" VALUES(422,244,4,0,0,0,0);
INSERT INTO "Verb_Category" VALUES(423,245,4,0,0,0,0);
INSERT INTO "Verb_Category" VALUES(424,246,4,0,0,0,0);
INSERT INTO "Verb_Category" VALUES(425,247,4,0,0,0,0);
INSERT INTO "Verb_Category" VALUES(426,248,4,0,0,0,0);
INSERT INTO "Verb_Category" VALUES(427,249,4,0,0,0,0);
INSERT INTO "Verb_Category" VALUES(428,250,4,0,0,0,0);
INSERT INTO "Verb_Category" VALUES(429,252,4,0,0,0,0);
INSERT INTO "Verb_Category" VALUES(430,253,4,0,0,0,0);
INSERT INTO "Verb_Category" VALUES(431,254,4,0,0,0,0);
INSERT INTO "Verb_Category" VALUES(432,255,4,0,0,0,0);
INSERT INTO "Verb_Category" VALUES(433,256,4,0,0,0,0);
INSERT INTO "Verb_Category" VALUES(434,257,4,0,0,0,0);
INSERT INTO "Verb_Category" VALUES(435,258,4,0,0,0,0);
INSERT INTO "Verb_Category" VALUES(436,259,4,0,0,0,0);
INSERT INTO "Verb_Category" VALUES(437,260,4,0,0,0,0);
INSERT INTO "Verb_Category" VALUES(438,261,4,0,0,0,0);
INSERT INTO "Verb_Category" VALUES(439,262,4,0,0,0,0);
INSERT INTO "Verb_Category" VALUES(440,263,4,0,0,0,0);
INSERT INTO "Verb_Category" VALUES(441,264,4,0,0,0,0);
INSERT INTO "Verb_Category" VALUES(442,265,4,0,0,0,0);
INSERT INTO "Verb_Category" VALUES(443,266,4,0,0,0,0);
INSERT INTO "Verb_Category" VALUES(444,269,4,0,0,0,0);
INSERT INTO "Verb_Category" VALUES(445,270,4,0,0,0,0);
INSERT INTO "Verb_Category" VALUES(446,273,4,0,0,0,0);
INSERT INTO "Verb_Category" VALUES(447,274,4,0,0,0,0);
INSERT INTO "Verb_Category" VALUES(448,280,4,0,0,0,0);
INSERT INTO "Verb_Category" VALUES(449,281,4,0,0,0,0);
INSERT INTO "Verb_Category" VALUES(450,282,4,0,0,0,0);
INSERT INTO "Verb_Category" VALUES(451,283,4,0,0,0,0);
INSERT INTO "Verb_Category" VALUES(452,284,4,0,0,0,0);
INSERT INTO "Verb_Category" VALUES(453,285,4,0,0,0,0);
INSERT INTO "Verb_Category" VALUES(454,286,4,0,0,0,0);
INSERT INTO "Verb_Category" VALUES(455,287,4,0,0,0,0);
INSERT INTO "Verb_Category" VALUES(456,288,4,0,0,0,0);
INSERT INTO "Verb_Category" VALUES(457,289,4,0,0,0,0);
INSERT INTO "Verb_Category" VALUES(458,290,4,0,0,0,0);
INSERT INTO "Verb_Category" VALUES(459,291,4,0,0,0,0);
INSERT INTO "Verb_Category" VALUES(460,292,4,0,0,0,0);
INSERT INTO "Verb_Category" VALUES(461,293,4,0,0,0,0);
INSERT INTO "Verb_Category" VALUES(462,294,4,0,0,0,0);
INSERT INTO "Verb_Category" VALUES(463,295,4,0,0,0,0);
CREATE UNIQUE INDEX [Verb_Category__Default_udx] On [Verb_Category_Default] (
[ID_Verb] ,
[ID_Category] );
CREATE TRIGGER [Verb_Category_Insert] AFTER INSERT On [Verb_Category] FOR EACH ROW
begin
  UPDATE Verb_Category SET ID = (SELECT MAX(ID) + 1 as ID FROM Verb_Category) WHERE rowid = new.rowid;
end;
CREATE VIEW [CurrentVerbs] As SELECT v.FirstForm, v.FirstFormSound, v.SecondForm, v.SecondFormSound, v.ThirdForm, v.ThirdFormSound, v.Translate, c.ID as CategoryNumber, c.Name as CategoryName, vc.Closed, v.Example1, v.ExampleSound1, v.Example2, v.ExampleSound2, v.Example3, v.ExampleSound3, vc.RightAnswers, vc.ID, v.ID as ID_Verb, vc.StudyLevel, vc.ShowCount
FROM Verbs v, Verb_Category vc, category c WHERE v.ID = vc.ID_Verb AND vc.ID_Category = c.ID;
COMMIT;
